temp_1,temp_2,temp_3,temp_4,temp_5,temp_6,temp_7,temp_8,temp_9,temp_10,temp_11,temp_12,temp_13,temp_14,temp_15,temp_16,temp_17,temp_18,temp_19,temp_20,temp_21,temp_22,temp_23,temp_24,temp_25,temp_26,temp_27,temp_28,temp_29,temp_30,press_1,press_2,press_3,press_4,press_5,press_6,press_7,press_8,press_9,press_10,press_11,press_12,press_13,press_14,press_15,press_16,press_17,press_18,press_19,press_20,vibration_1,vibration_2,vibration_3,vibration_4,vibration_5,vibration_6,vibration_7,vibration_8,vibration_9,vibration_10,vibration_11,vibration_12,vibration_13,vibration_14,vibration_15,vibration_16,vibration_17,vibration_18,vibration_19,vibration_20,vibration_21,vibration_22,vibration_23,vibration_24,vibration_25,vibration_26,vibration_27,vibration_28,vibration_29,vibration_30,humidity_1,humidity_2,humidity_3,humidity_4,humidity_5,humidity_6,humidity_7,humidity_8,humidity_9,humidity_10,humidity_11,humidity_12,humidity_13,humidity_14,humidity_15,humidity_16,humidity_17,humidity_18,humidity_19,humidity_20
-0.041626034286924164,-0.9001156580739134,0.12250549833951899,1.9734608916025578,-0.37905764618232096,-1.0595791462166488,0.18150697762731,-0.7752317936676876,0.023751481997746904,0.3156359766812387,-0.03519693846248355,0.05655894958916795,0.19209038063264924,1.5971127225208108,-0.2529193041069949,0.12743440666809006,0.866849063342143,0.47103683141802105,-0.3582092004907793,0.9018634370178872,-0.8712468811149293,-0.22674942729822584,-0.7710865405044399,0.5761745994711011,1.1895997812847487,0.22333615869635526,0.07526594592918776,-0.8750086674580759,-0.7025511171201643,-1.1932601156384257,-2.1766813892721824,-0.3910340012304918,-0.29810526935296516,2.1728422953733055,1.5628135662081106,0.5556402396335344,2.0844772305415638,1.3909034961852749,-2.007568021362774,1.0674561722347518,0.7114542651948267,-0.28937794713269144,-1.4152025195175149,0.5954011357104231,-2.0791277229744964,-0.021474962374660032,-0.6170904082868751,-1.2588420415521953,1.1888010076522058,-0.04130843058077276,0.1739663291695697,0.9078719472424277,-0.008790556303355637,0.4514111986474981,0.8158516204890898,0.5667559269188263,0.28598016618828376,1.7831128353750567,1.241970598009856,-0.08576316923283368,-0.9096929501484529,0.6386236498376441,0.21586064818900524,1.7089956631888337,0.9874930057007224,0.764204388001908,0.012951537954094748,-0.8756987416672425,-0.19796296870131533,0.47682809432411033,-1.7295800930091456,1.241713959652344,2.0670440017513796,-1.9449392903707496,-1.4002155510135357,0.22966246423314007,-0.582580915634934,0.2609064338316734,-0.07167403655743708,-1.0238185194890543,1.2884063401784895,0.46451660524284916,-0.559741974728272,1.505025114660821,-0.5084059548937526,-1.2418405167055335,0.1835118230877355,0.3531576232226657,0.5319168922188459,0.6963511266524872,0.5161247285776908,0.4754936414491742,-0.5737538003081647,-0.6807442745705536,0.7423649162591182,0.2434565106998877,0.8202457394862555,-1.7072771556275985,-0.5007863824175939,1.9070189019105557
0.5525331523474403,0.29555045097915267,0.7079243669696743,2.2084505258661813,1.998049542287028,-1.5795207573125938,-1.2105011590693684,-1.613410655550792,-0.7471078889402628,0.054919298652257045,0.24201514406779656,-1.5304787431872526,-1.8673518263691093,-0.7647913869554506,0.9161712656046209,1.0903629116936455,1.7058248593376857,-0.032330250925114046,0.8281534903901053,1.0098949610496601,-0.4968590326726214,0.38784488153046615,0.6587051257097538,-0.9091576170851242,1.6420961711074433,-0.03881228272002653,0.08703522814667258,-0.9473413799421244,-0.7794261958775333,-2.196514600832009,0.05515587641861207,2.5056892096419725,-1.0186194481044872,2.9761969281549727,1.4142512626124135,-0.47358878097710866,0.027264704818878514,-0.13510030791493735,1.7061639733977114,0.5170157301179603,1.1819740486218142,0.3581718453613483,-0.11197252059461717,0.3264233650707143,-0.40694423387208134,-1.4522040434708976,0.8136885759566508,-1.5011644483430868,-0.2688341767951755,-0.43986428761541757,0.6433539310540702,1.564704584933529,1.2049706473007482,0.672425018895093,-0.629871645620782,-0.18346915359646365,-0.329273707055818,-0.4702814467294437,-0.4024511086268375,-0.42913803506759063,-0.4734261927004959,0.9518830180285539,-1.0546368888660922,-0.7294741023038305,-1.583406721039512,1.415482802510849,-0.796502958657587,0.6607752317221405,0.4753188602123068,1.318838621090771,-0.21001669837509396,-0.9475397872859123,-1.5557499758716284,-2.7846356447821003,0.16135322587890272,0.7754725724889143,0.4716881051978408,-1.5297643031728079,1.038826145111929,-0.6982160283153525,-0.9069034941417542,-0.7206322353031837,0.07840892250607703,-1.4847015715170722,-0.03703591371911794,0.42944824538366944,1.107323896243615,0.17595665722124415,-1.3396284981937914,0.1488902276522236,-1.06025827394612,-1.1179451563669505,-1.362703603539979,-1.911253679894024,-0.567163167935395,1.1288887430469075,2.256484015427542,-0.5735851583400942,1.0861055267696555,-0.39458231823659495
-1.6507357194485612,0.7009422614460771,0.23481408679556656,1.8180196079611155,-1.534678481982756,2.796032708335277,1.591717323188156,-0.01792357356185398,-0.29863779179851796,-0.7158098688686174,0.10973263918779284,-0.18393615540897848,0.5137954135806112,-0.29436666101830583,1.4149636914966628,0.12504603116644689,-0.2568170279257321,1.0242865817793902,-1.6225236301977521,0.3409883522771337,0.025571336409433494,-1.4108505304057828,-1.7085032795685076,1.0103450029415777,0.9627906903506936,0.17255842963435913,1.716657776454724,0.4409681818612688,1.2498053194112153,0.42032458718452065,-0.2758095656019917,-1.0575312514333424,-0.6034362549027628,-0.25712227124721837,1.3631531021067052,0.7699195585296634,0.3303190682426161,0.8700099075640746,0.5273837156924824,0.26193761110682645,-1.4986594015069548,1.1391575728616767,-0.45851184752647606,1.0885402776225443,1.1852102915108895,-0.6700391935553467,0.9497160805959376,-0.36098747925589836,-0.3550323276467242,0.2574732345826578,0.2844725891695404,0.03855151535089184,-1.3342880155559567,-0.12144663948433945,2.2784787281884062,-2.784004228802022,0.8697404402284128,1.0571249333563086,-1.358347719286152,-0.4694389134095461,-1.0007171579433447,1.853965377311879,1.1030252667777827,1.1514253744647323,0.1206472259947952,1.3120919497496433,-0.00823656706207814,1.3591576272105579,-0.14869642411222042,-0.6792419167134393,1.8109502663319434,-0.0208487606651363,-0.8987999082424641,-0.9096338974899724,-0.9065786730190407,0.8444423510293687,-0.09886287704521571,2.2979589759970827,1.1861781823241206,0.25713813009397124,1.403897541198283,-0.4955073364694836,-1.8547858041593057,-0.9895830575747401,0.14720782936960267,-0.22254147217114004,0.8244153882574605,-0.12461378134346948,0.748034725961725,1.5009716305642897,-0.1276958506107716,0.5551452887111212,-1.754786840575234,-0.12389397874055913,-1.2319581257460215,0.145226777129347,0.23599975667733084,0.23267635791379443,-0.48012258979629335,2.2984688617348334
-1.2680215116430682,-1.3291458271615162,1.654978375736585,-0.7042791305898932,-0.9446906875364303,2.3029118977231127,0.9857227168235637,-0.5944645481382219,0.21750790569356104,1.945871284827684,0.6916206809508675,1.2861484551064426,0.8048031787338052,0.9302533459535411,0.039741695910427206,0.011348478976219248,0.26705038534845366,0.7344528074503005,-0.2833153158326134,0.12205393450300478,-0.3103456159559854,0.11568482199452929,-1.250996330981847,2.6059774669595184,-0.7329401187788761,-0.36146072475943114,-0.8192643935548025,0.6157087491645401,-0.19600263124233117,-0.9638075100972179,0.6568833662243427,0.7916491479227911,-0.06687632447726692,-0.6636259513820769,2.1910660055597173,0.34006763052523103,-1.2740689849533238,1.4140404610027681,-0.8557747494125713,2.7418783402699165,0.07965785752758668,1.0133160360553535,-2.080017560846901,-1.284140884089963,1.3338596197607149,0.3178150656291369,2.0423964227140727,0.48517510522958907,0.1452962397410396,1.7135739908222054,1.0101369992254443,-0.19626119927628935,-1.094104100498447,-2.371615664765494,-0.43766566980270516,-1.186335095221372,2.5977046432343838,-0.6503709440700268,-0.6777090056250449,-1.5212448745886455,-0.2663173285227033,-0.6645349296422126,1.7377294287444596,0.16847615941498456,-0.008864022656377504,-0.13467275408259782,0.7861749201892023,-0.4523281656345007,0.6672060935318382,1.6139698207274442,0.4600750102996468,-0.24973128282513507,-0.9534591709719014,-0.27512398634707436,0.563078873972571,-1.5325273419173213,0.8315427577092825,0.2076126882280645,-0.1491891597587188,-0.6594134114510023,-0.47637770096936727,0.5973060414653077,-0.12821152609511072,-0.5011399672785699,0.4685634933715225,0.5081897774921301,-1.2491750613240478,0.5714806965769847,2.501698212860443,0.4696207893755043,-1.6990072048436677,0.177375391839546,-1.8308153741936848,3.1673716720641596,2.235674686984474,-0.6659384827953962,-2.245667198993836,-0.8783711870927843,-0.18099073893972362,-1.7618637420397385
-0.06902251499622762,-0.18757866427025166,0.12515469706288854,0.22964517693797995,-0.9656175998771516,-0.8534140397496542,0.04559216447004996,-0.6309921298739474,0.9074947684172557,0.035894549767699735,1.865003233997474,0.8204824382712258,1.103713869390598,0.13256606796478587,0.15736150129029647,1.731320579909177,-0.37829288353702933,0.5467793541652396,-0.2662375321614578,-0.26863605838730287,-1.16889626574172,-0.7425143508569407,-0.9282694514164505,0.5943688089231695,1.0402059282236624,-0.09475337357840248,0.22962793016365324,-0.1524713551050962,-0.810775919892985,0.8622630247968789,0.6525346937594791,-1.8925459853039637,-0.28310900123525357,-0.8820273412074283,-0.39093856966522517,-0.6704315670462594,-0.046420370741399854,-0.329914735133474,-0.351140693820839,1.1073884283387134,0.5571786606692488,-0.7038946503004336,-0.555546732813421,0.4917930553996126,0.49041957170276645,-0.603780239062069,-0.23399066690216466,1.8468060400869681,-0.5865480885213431,1.9108045884587852,1.103666942525805,1.7254162750554658,-0.6290719720694289,-0.16855587406276104,-0.4491638087755629,1.1267531919262028,-0.5676837726720896,0.7312154933428736,0.678299411192041,-0.048029530714176684,1.2986597341643356,0.1076798697266051,0.834085718608303,-0.4947033689177825,-0.7234368141068251,0.731145529257608,0.43084024433374835,0.24330766412836574,-0.3436883479377835,1.549209476526304,-1.116585804253847,-1.171343009730972,0.9421665051638289,0.8600963841430697,0.3537627789918679,-0.2879522219028064,0.5024221291904121,1.720830297119534,2.515546207874225,-1.6564137054751564,-0.41892011924854655,-0.4817732629848396,1.626519471699682,-2.4812949865652016,0.513835193065546,-0.2568103084190336,1.6381127495476404,1.5010388400044603,0.3655067348266927,-1.5797230707117969,-0.5738894823351331,-0.46439107661373846,-1.3264547944534648,1.15458428185937,-1.453426497274406,1.9653275084537123,1.9628226340454584,-0.38506026185950626,0.32849537012981606,-0.0722834780704241
0.9018248003616903,1.2746773385647592,0.25799699212006616,0.46911670978106274,-0.6206042639395163,0.4367139668903384,0.1627620789239809,-0.9117944887513568,-0.014037109343111222,-0.3831825179860731,-0.6094955818180586,-1.146491207599568,0.06250273324947596,-0.7804740063253436,-0.47110817230269936,1.075124275217289,0.6321161012683779,-0.9787666478612534,0.3518910679064361,0.13278069826415523,1.7016962085334608,1.3831450008722745,-1.5337487257098361,0.861127668958601,1.265197251623699,0.5593592087283311,-0.3354121436941908,2.4133939151171364,0.6514092809270224,1.9765442737282277,1.3514784294735072,0.46413466022330374,-0.5797009114736275,-0.024104878152501334,-0.2219124527935532,-1.21451895564927,0.650281574959703,1.567353001959409,-0.2983034945514468,2.163656499224737,-1.5575827858617337,1.0543635483872036,1.67152023540541,-0.20403058098106056,-0.18605650514288088,1.0427651758444012,0.5059911099595346,-1.9974113434595069,-0.8433731545393808,-0.013549548047459737,-1.369698179685067,-0.47417431642990365,-1.3446854252439342,-0.37017063055339033,-0.3366227273211608,0.35175467659371346,-0.09175932399950061,0.5027897210407561,0.38354400747392153,1.0313399942643104,0.8737830409601158,0.7681238351347166,3.1048674284667217,0.3474026366423288,2.5935715038588616,0.41221840224393347,-0.08285091480589193,-0.37316518221319706,1.5097257984484294,1.640503392887938,0.599783855964729,1.1335467745027057,-1.2772204659230832,-1.5487798225122118,1.2463268857974537,-0.12681149790302182,0.7493024173975029,-0.7172879499560781,1.6569884697047754,-1.5404186718890363,-1.3855850864826886,1.4443115837123448,-2.6098417929829005,0.3785688680949161,-0.10732599559657671,-0.7359519192000298,-0.19993984859036878,-0.8475234930898101,1.5422559460484992,1.8044970883616096,-0.6857375867883446,0.2755248774685312,-1.3250764709360472,1.0730521590031268,1.0470091746433143,-0.29526223270768964,0.01688505841989535,-0.09376544952267094,-1.6184578336802757,1.546004147600127
-0.7669532388824308,-0.7601492722579212,-0.150419854461833,0.9955485853622786,-0.5913032150920309,-1.9521852214034443,-0.886998060729534,0.4241404190789904,2.189750287809187,-1.2599199663731557,-1.296501767480829,-1.5125955008388159,-1.636724991299341,1.2056914600814304,1.4946885753643797,0.1777558935804024,-0.4677127721408569,1.791143786862626,0.17390804165650472,1.0894367093604342,-0.5164489417218157,0.044243854223773756,-1.2373416454470463,0.6292489718935849,0.19093775077331573,-0.8945632324137842,-0.8811071495264614,1.6159585033387436,1.9716687504618164,-0.21313533666732123,0.06775357276216261,0.40011447464821703,0.14803175815968717,-1.6742977205386302,0.4278706771903861,-2.0878890346006087,-0.7326841912576191,0.5054271466248177,0.5999942079248373,-0.81007308420949,-0.45843694018691766,-0.5938365089984536,-0.10284416313606999,-0.026794346635663536,0.6684681295291105,-0.5168968628897835,0.37339619191355516,0.5070157644871914,0.1982893773718653,-0.2596058224494745,0.1806454642754404,0.7517402733935762,0.8391848677163122,1.815372684826906,-0.9900262363062616,-0.44000739099540254,-1.613468660268402,0.931009464327855,-0.3345075063567468,0.20619098202932656,-0.6043385694466398,-0.3267039949778253,1.2231901054266583,0.6942334104859834,-0.11152205765894566,0.767813919476397,0.789900080037874,-0.39142551668673525,-1.4690795606362084,-0.8991616270020392,-1.340528603382517,1.1644346459929071,1.338115216447681,1.5863738801590164,-2.0195555489771686,1.0714009103737214,2.2121913093846852,1.1119877138106449,-2.1512296178706696,1.7682983083967718,0.04168903713194141,-0.23239910650047158,0.45109529658297826,-1.0490069225704863,0.002782370921578945,1.6204296451040736,0.6223968705232881,0.058401472102668064,0.08960815992760873,-1.1813939832988014,-0.14998789139972546,-1.6342953356297674,1.0224409523938105,-2.1857104824753426,0.85490037962071,0.9794109008340617,1.3187646157271942,0.08685916316180281,0.9166284661575291,-0.15974664036521616
-1.1866971176879335,1.530732392537995,-0.09688582961507466,-1.4095113174731944,-0.46681494578978205,-0.4273246825681713,0.46169691812421204,2.347047483372731,0.5224186132825649,0.2068438519965253,2.455776199562555,0.9788935399127254,0.2542492041349285,-0.479411858818095,0.31620007620456086,-0.06639040409313654,0.09143412755899637,1.3144024247694728,-0.5403221831374881,0.5135407081635137,0.948939989837594,-0.6621125168244095,-0.822621415489101,-0.15034192258090356,-0.4616295902564609,1.152332608741504,-1.0017682785646547,0.06847136852867004,2.546048333404475,0.4130565337861825,0.5792901443048852,1.1606824956971251,-0.4629490654253594,-1.0814196287454039,0.17651127616274478,0.2654038283485373,-1.6182107947131612,0.37507191468277773,1.069850498701039,-0.9129480730240093,0.4355558483748133,0.8922636603701339,0.5866782085300805,0.6810062387415571,-0.24480024180630117,-1.127504337740596,-0.44714646238391303,-0.5860571018706248,-0.08025904620754583,1.0932709054599299,-1.3118401281641687,0.14425002281739083,-1.0634016455178528,-0.7400469178227713,0.5587407526118416,-1.1899450533656992,0.7342442897029785,-1.352164446624725,0.66698040343816,-1.549531269578512,-0.6178126792566155,1.8964943831295615,1.7085463697668863,-0.4125246525171453,0.3899605860299014,1.204068018884884,0.6812961744204711,-0.2734642464548241,-0.7486353140363331,0.8681031429579297,1.1307033086145013,1.715701834394388,-1.687249423453071,-1.2531247882010523,1.1619236021470807,-1.5515305467501768,1.2385499549119328,-0.2149325059853921,-0.5209138193366847,0.20542859627146925,-1.3453684522354987,0.8240148305983517,1.6896369976946968,0.8705762158142415,-0.24650869255414082,-1.538035707765441,-1.499587456202933,-1.3296433022393077,-0.012278277112317357,0.11340006327260466,0.8684435107409955,-1.7960289864830756,1.3112102303923998,0.6944063189453711,-0.32683629306213485,-1.1897615417321001,1.2491406416911188,-0.300093961237384,-0.02001889934442878,0.38361197078793213
-0.9131989057816112,-0.28218057902524896,0.86531690202038,0.764096078496275,0.7731072066952375,-1.1551797511404318,-0.23658035072914094,-0.3963938350478049,0.42517884227470176,0.3356579896488977,0.15542733074293652,2.465733955419929,-0.2908060801440377,-0.4078230860685443,-1.156749670336056,-1.5378473259288705,-1.2203173772157754,-0.7186819254432798,1.3100730944378527,0.03916390436185879,0.19333066695273338,-0.09627330820209662,0.36530099302178864,1.4020721472178432,-1.993930836268036,1.2183373155853803,-2.515038452535007,0.028202711521927642,2.1919073547444152,0.680657939531544,0.37305893532063655,2.0019459668029733,-0.7030628980011439,0.4339674224650475,0.5781170974738931,-0.5224021342270257,-0.4341101794959805,-0.5437794332233397,0.08731497400856388,0.546691605771313,0.1232302729146622,0.7094618174298554,-1.9691472859735475,-0.21825116374283668,-1.0234193103506461,0.30172251268289835,0.2869174286723232,-0.11562211495745531,0.5102790105320711,0.9978127182640276,-0.06052052230630854,-1.051694888099702,-1.581257570919481,0.03611017533012821,0.24186670151354087,-0.969523889519979,0.7257668231630326,-0.45895688582457345,-1.6564328651711504,1.2564363423451892,1.1439879192021631,-2.015599436663098,-0.5626002816536924,-0.6015836814142763,1.6394886594175027,-0.09929271004165632,-1.4958781980554177,0.8821047822408783,-1.230775545766081,-0.26034049072176124,-0.7697688778808768,-0.56045509827994,0.9372580895639391,1.5213301613321657,-1.2743687463793785,0.6260764255078172,-0.7327536296899959,-0.7016719100240756,0.4906362214227146,-1.027902765713695,0.47060260077504473,0.7301133565097351,-0.4325322616990184,1.3270781020136666,-1.272824612061507,1.345406190611672,-1.943987429485133,2.6997141404195095,-0.4062022386218326,-1.1623071563876177,-0.23267190851999858,-1.0464779426244284,0.38696529885454223,1.3676573314701472,-0.9934562260566775,0.5793992391740034,-1.5327353688957595,1.0329547332286124,0.41623636692759547,1.0761833213303202
-0.12234690264110538,-0.4351565978547518,0.8161174360573329,-1.3080485215584186,-1.7428243317335752,-0.0049619840400380874,-0.38959660685879244,0.553833331781546,1.091551424313997,0.533014079151139,1.0119033118267453,0.32105233333216393,0.4945957483210984,-0.11665720983227088,0.46504546101518207,0.16665282856351338,0.3251767965290638,-0.1667240330868389,0.8089292004712981,-0.7104525498349515,-0.018349020904106537,1.3117839002075757,-0.9487218229211253,-2.161845461752631,0.36645716629797204,-0.2569544903534993,1.0108622403718392,-0.13051507989699376,-0.6043390715633118,-0.07581739581821335,1.0930685866132108,0.5753696271923753,-2.4339022565480346,0.18576749208677126,0.23576213240140492,-0.01824996520051934,-0.6108898915685892,1.1945318745064444,1.2440339481348617,-2.203160460825862,-0.7979594777414443,-0.14473065128572005,0.9485082037166699,0.034852876391766284,-0.6835938001649233,0.7095335773073748,-0.21133608555099248,-0.11740085915495976,-0.0271584334040762,0.5743084408384841,-0.3085496016737873,0.6869464926472221,-0.07306896840707273,-1.067016586417876,-0.03677630569544812,-1.015213403145215,0.04098678977594188,0.8294739292314663,-1.0736290060021147,0.36427340580443873,-0.8290374583532079,0.20170055991654703,0.8602042420204842,-2.1295130741100414,-1.1144758268713455,-0.3689794451099221,0.31504048918161526,-0.1663833293583238,-0.045880781980918925,2.0429845253512564,-1.2124572788492276,1.1354850163627703,-0.3499781271544168,0.5494747924987342,2.1289465557455998,0.688678023685426,0.3724957097899999,1.5991223351493755,1.1247986445931917,-0.7993940761614355,0.2945247424538556,-1.7174957341407595,-0.5401533883742511,0.3140529675998594,-0.6021053527812588,0.2733667459719246,-0.01338461565303896,0.5364167323950428,-0.4241990220281109,-0.9401489144367132,1.478126826173261,-0.4956967426899445,0.6600105931171182,1.435247026472536,0.16266999899753198,-0.8563065694431494,-0.17860997454734448,1.017540916606753,0.20624754573786294,-1.2051417922042769
0.5966438335337123,0.7695314690509986,-0.3553118861179337,0.6102443756047459,0.24501859546046723,-0.1974295386420392,-1.2935357435936636,1.0779538951057577,0.7592109999198332,0.5838862943753126,1.5445260036780937,0.9451937270135937,0.6865660061515626,-2.213227348026831,1.1968949518024157,0.08308051428205071,0.31249168025713864,0.3193331896933858,0.7738327436422795,1.1221750288016852,0.6342411430592223,0.4752855893198915,0.23151273929557145,-3.351610516904678,-0.2875910194501882,-0.9415895173506456,1.2107395389390851,0.6190371982862937,-0.45813698721373425,-0.35771718226924426,-0.3939813633024213,-0.4118261543189197,-1.4445574435247972,-1.6612794932777677,0.029046772381743993,1.0753141393593546,-0.5376896974278628,0.30344475092404516,0.7342609171767251,-0.9933782055838566,-0.019975428719903078,-0.666520481273515,1.6061194918312938,1.5624595068621143,-0.9923428398748506,0.3858843830843258,1.0675993008124904,0.84832950037633,0.08156303498436555,1.3065574617643476,-0.9045146889894328,-0.30309294439469225,-0.877642419759575,0.7824934947006217,-0.5826368742994515,-0.17124917543708565,0.6176703682657487,0.698249913777816,-0.9071263462552507,1.0566552837727923,0.4556896686672513,-1.0817028395804014,-1.3277158957566129,-0.015819710262067736,0.8500939893168088,0.8757158624009802,0.3561668772248425,0.04867483832682586,0.5117376690790052,-0.8553305143892584,1.6869878630253914,1.6739384181225205,0.4288123146206977,0.197300419992852,-0.4114209726593703,0.5287488457996609,-0.6913173710167768,-2.2236120309955307,-2.7141073004910865,-0.7994983331634866,0.15637812291827763,0.33197173395348273,-0.48675700850928494,0.1418351671429033,-0.274228357054531,-0.9993127576501374,-0.05374450896912518,0.8129571123656494,-0.9540617477463222,-0.953604613019698,-1.0692505939521582,-1.9365187345081158,-0.4802023741470187,0.714086112952531,0.1739160838337627,-0.16925088405630662,0.1290647982401689,-0.48898148742915815,-1.9478866372634722,0.7837187818145658
1.071124573784651,-0.7281567760677871,-0.1508356206065558,-0.23699917106016016,0.35128880942454155,1.6898934566262898,1.1597912452893056,-0.376914225413896,0.542463861500237,1.2543568685727127,0.408345164394778,-0.004699404440172449,0.4460000946671858,-0.7032715225634733,-0.557281124104081,-1.0640342352010974,0.3070645165702432,-0.13140290602223817,-0.8231180613480796,-0.16417941162050506,0.46999826076317,1.914712305997992,1.0120678647038581,-2.28414785748234,0.2393084668203457,1.4293242627128546,-1.3378734912102326,0.5515592702124238,-0.23664218553104593,1.1502905309161608,0.40425719501345225,-0.8840154545592064,-0.20085147829061958,-0.14169567604762318,-0.12317821481004927,1.119262944775263,-0.8426199213902301,1.0030513096611837,-0.30224967592152013,0.22351110632916493,0.07237758628103405,-0.02180533808183465,-0.01360283444532232,1.457358558271021,0.8424499249061446,-0.3627156895799299,1.5827872541220913,0.2746810739928528,0.3576242593238943,-0.8373190793313915,-0.49749865840514007,-0.6885035079271756,0.08607286499367499,0.6387830794482092,0.3672322994222134,1.5880441560695817,-0.8877580052112352,0.11486904353888214,-1.2829393292982947,-0.9218709716032621,1.2645783773384636,-0.4631648664714657,-0.803363796060271,-2.129976875582947,-0.8133546477889175,-0.20528027419497888,-1.357402959786211,-0.26278338898246867,1.2706310606582234,-0.7073053403283327,-0.9433830493699357,-1.123901466865093,-1.1417640925158001,0.535577446888429,0.048668736883050644,0.9568568792755741,2.019837891654255,-1.830391131909148,0.3800787084417732,-1.1186193344335598,0.7888992980334508,-0.27191200107343627,0.027322760864173432,-1.283177427929808,-0.42642702511316743,0.08966225110825957,1.3560781468067082,-0.7945605274085543,-0.550691571530313,0.9442896421822814,-0.8593402836993107,1.1423851439741257,-0.009086574726255944,0.30312296159184327,0.3675223025093705,-0.6162205534066079,0.3898868194723952,-0.7723697843143003,-0.5021030040988799,0.5586909660332754
0.293393955641903,-0.07496495083904774,-1.2587316492630107,-1.00915828934963,0.2767090439049846,0.732140563485116,-1.1096455045207572,-0.8398252474521676,0.13418517417771947,0.11278786262909331,-1.6239572087610412,0.16156301343998902,-0.5983678102302188,1.641046629728958,0.24919854273565617,0.4214734498759029,0.4473593021906108,-1.2139273806525643,1.9438768931086035,-1.6229112474511733,0.7957031416997422,0.6186639374806492,-0.47700237991295996,0.6664503167133892,-0.3175731988237379,-0.6754614448557782,0.46955916935292735,-1.006560991087902,-0.22425515875756974,-0.5941767487299575,-0.3359795095729449,0.4327285991301843,-0.5943663723462062,-0.19232391307236457,-0.5031452519015814,1.4439966655745458,0.3426123982138901,0.22006963296671936,0.683418504623424,-0.5941345767748866,0.8592572249998405,0.34617774583274147,-1.5608909027540654,-1.4280308331007647,-0.5722970527840657,-1.3210064958651702,-0.23827846069958317,-1.013737991415864,-0.09772305307091878,1.4117093759314558,-0.049376903556185035,-0.30296445490192875,0.3882426477853441,-0.6964197929226035,0.8434143093959997,0.49521295312411195,0.03886556204856375,0.15431583163358636,2.041745910562852,0.942312210267868,2.199526631161334,0.5320301932924523,-1.4716914426706882,-0.26217370286384084,-1.7002048745480662,0.5283030346669183,0.7454041973454018,-0.8859159959592792,-0.6556363796468532,0.14875089623521523,-1.198104063264218,-1.273159769242533,1.2386320480411208,0.11471061816396835,-0.5581093577059559,-1.6921188885572191,0.8523513568944722,-0.6845182122169692,1.8606844458705387,0.8593100976934448,-0.808141854407269,-0.7154716971314717,1.7218511629443316,-0.08425944683450466,-0.5133112283233697,0.02772168847657001,-0.5179126500537902,0.24104847710816502,-0.07582362151826307,0.8755079805115086,-0.3885741032391265,-0.8848163666896469,-0.3489846966235856,-0.35508389822404607,-0.07753381519399347,0.6345402880572247,0.5799089674719204,1.1996586758585681,-0.8114896777335243,0.3887201230511087
0.7273198470207146,-0.6742204063118639,-0.207631052982379,-1.7499778742187968,0.906857695125735,-0.2154982023198693,0.8065641766809994,0.20604951787951314,-0.1851652289748735,-1.5928027993524858,-1.41495261071644,-2.5931461843417423,-0.5626134828286562,2.278248703181248,-1.2879473895179996,-2.631431883419906,0.9626689195855317,2.363717869296701,0.2979210652598027,0.2887323947199601,-0.3098820736437513,-1.79425723051006,-1.4507119177434764,-0.3167533293985182,-0.5084553400297436,-0.11517292776994209,0.8293248239281591,-0.5818378319170209,0.8497167564046113,-0.57528970990277,1.0382395928657568,0.08636756707342344,-0.4358303409215121,0.06929406054888966,-0.29353884215756676,0.11313423767997162,0.7581061985174717,-0.08721559841564996,-0.3695688528537811,-1.1235162049108292,0.5791780192917145,0.3482722264027249,-1.181942850927521,0.835494277920761,-1.1981840326023356,1.0292217912338935,0.6878633271870178,0.4196655225980695,-0.3769951591670362,0.5757797826664528,1.0763719952411803,0.5923519211081734,-0.6702500217262376,0.26740698235546406,1.132034986295036,2.199098180556703,-0.20521297449919623,0.8578831061314305,1.1344805200843187,-0.8124049989897638,1.7820783180614812,-1.0651846840834458,0.8089855150329761,0.305319779547066,0.055575559998159926,2.546833281448644,-0.30125523532680115,-0.3173455927286084,1.3314788073977952,0.7618037780867832,1.2820989209585543,0.11686938234111337,0.3169426170121629,1.9009356129945743,-0.8359540795806962,-0.10287704409166039,0.7982540714254448,-0.19586082008783778,-0.5701458792830355,0.6184845127865221,1.3358056664914943,-0.1408343628058571,-0.16858962081074902,-0.6476880256834309,-0.2959768434057342,1.0836060798301856,0.08106287069365692,-0.8049906609302881,0.26236238032366266,1.0511940109860407,-0.5618856635474287,-1.3286052195955633,2.1908251598727517,-1.3785293500432472,-0.3590225638557857,0.23212851185866967,-0.2724277012442913,-0.07491084465501871,0.5768381678745935,-2.3917216577127935
-1.2668944715238513,0.04425938607032916,-0.40421701197361,0.12941125827559766,0.2276532826313042,-2.115919995470992,1.2736403321516463,-0.4982678831003497,-0.8655131847760066,0.2083552959592792,0.10716022778224318,1.1966908176546378,0.27187316277001694,1.1581108480243003,-0.9381773754277055,0.14186105520749914,-1.1147477073248893,0.0976758555602795,-0.1142879556018855,-0.15729742520090303,-0.14852755236163276,0.7363894701845974,-1.6073596570025797,-0.8997878627841726,-0.040571826745175454,-1.1786630894712498,0.04611410620104406,-0.050852521241074776,-1.4037566450525831,-1.4531651462542776,-2.6237882355492657,-1.220670049681913,0.014323258210599855,0.15618782294087746,0.2018995596284508,-0.7779188126673808,-0.018303484021489465,0.39724460924145283,-1.268035549501153,0.12332907439053986,0.6564812118350916,-0.4907721298228808,1.062234330349603,-0.46743434382496996,-0.8600608551230751,0.5568411785529204,2.033293769466457,0.0853536188878091,0.6349078041137199,-0.508717221097844,-1.2416162197960277,0.16626564590073342,0.32439997178791113,-0.35791109038116226,0.6310565180215059,-0.65408000981432,-0.9020862658517421,1.060642930486165,1.0653476265416306,-0.6343431058356785,1.7188504904048219,-0.2871066925302493,0.08478286464395876,-0.08465254184842787,0.5237602174456797,0.2714214938009425,0.25796216158165786,-1.0195616317198861,-1.6885623167896844,1.142160028252862,-0.5454459989397435,-0.04903337343347808,0.32679890988978094,1.629009603349268,0.16135792464250795,-0.3947975629240973,-0.5235443812868572,-0.037356841241938624,-0.9093647696406127,0.02887572314901021,-0.05201968845801409,1.6415269486441515,-0.08360113859092103,-1.9244881610488498,2.6735109703964786,0.9568337311560969,2.082348744095585,-1.1573199869844844,-0.22182678125629193,0.6744012414943192,0.5363913722844591,0.3069377073595517,-2.199610718500554,-1.7124394575643138,1.517520109063872,1.6953295328696896,-0.10665129143639568,1.390427474406382,-1.023227766143298,-0.7944260534686807
-1.1022803218631494,-0.8499195456886461,0.7226960095226193,-0.8623523730634445,2.239743039927865,0.460070606347438,1.0845270464950882,0.4899405828000732,1.214269650459279,-0.8679999995385472,1.446933538199557,0.14093888559143689,1.209266110968739,-1.4395640533761842,0.18058320660836302,0.14523871678166522,-0.6192364649794415,0.3131188297472641,1.5396068480015146,-0.6961523589631211,0.9618543562049385,-1.1274230561465082,2.109444594642459,0.7846003184367084,1.7251173322585722,0.6720605190937674,0.39061317772936166,0.7929329404859182,-0.13644746335417146,-1.617833905558322,0.4473993464667924,-0.7555033345997547,-1.1016619153794023,0.63629316843861,-0.2791084748996939,1.0277044066056897,-0.7889407687590703,-0.4708289765138265,1.1502960263013935,0.2798426609976086,-1.4773280409061398,0.257760882860111,1.4812385485888035,-0.47857744462146706,0.5980576964529088,-0.849386915155905,-0.13678327496942902,1.0898355364504335,0.21923166775497352,1.2892698627156363,0.42530240422786164,2.218739677200842,-1.5649133692192694,-0.21719335006096485,-1.0845337932920514,-1.0162491744582494,-1.0071836938060397,0.16772582205122036,0.22630093482186714,0.4274559249951163,-1.1230605601445518,-0.3242248189982904,-0.9642946397563682,0.9358815562717159,-0.8702675501809736,-0.21371215199588148,0.5603064413231057,-0.6156286744975648,0.6938784449806538,1.5960797355331489,0.18971172872552536,0.9016109145684073,-2.0734208889363828,-0.42905192684785065,0.1849008169289769,-1.0529650784003068,0.20764933540409175,1.0599405560591506,-1.8795606280100219,-1.1890728658038474,0.18481327076418536,0.4604197294400478,0.7380803749096508,0.11088947888776789,0.4615124050158089,0.9034807085406811,-0.41445810177032616,-0.608586086006421,-0.16850663093486837,0.1994879422774132,-0.6582734432013181,-0.393757316473212,0.39770177050729577,0.1577507810297153,-0.18533712281575823,-1.741069310062649,-0.003507992008540084,-0.9700039675090428,0.9830827052059001,-0.30872115327850763
-0.9962320562225203,-0.06154327388004871,1.2706995850921912,0.630815849144619,0.21991715060593411,-1.3260950590468563,1.6216000997663216,-0.621627174035903,0.933783912872343,-0.3253628783514149,0.8375078724832392,1.3068740958752738,0.6481372699075333,0.7558549597599394,-0.09843898615563221,-0.43396614207281087,0.13829868978581025,-0.33991450576921695,2.467203710812492,-0.9923582864905137,1.002085216590409,0.5171968345390136,0.22987220812393777,1.4798860999138403,0.29837745260117915,-0.6349069197424152,0.2917303772534079,-0.18317826890522865,0.5032846688166488,0.8130736316294986,-0.8590879423640695,1.1953361180028157,-0.2548998448684591,0.4436139226821785,0.6170301703206962,0.3673886906306303,-0.10910851765256904,-0.488597581992664,-0.26899450730334135,1.565171932528877,-0.8658664371290591,-0.7192433379629661,-0.7631488231437142,0.13575387991766508,-1.5247054499878059,-1.3535598561343933,-0.26095483295925803,-1.2877754452982377,-1.2062713092828017,-1.2802684093629393,-0.8466117091333288,0.7312465066704062,0.9557079561210825,1.9190008932186058,1.8823618585134785,0.7863127098804469,1.0276776748010317,0.13110209068591813,0.5198648520122691,1.9436030481831703,0.3712128680568303,1.1532385785452397,-0.9343516085785111,-0.6662387242582275,0.31206959779496757,0.14993167006339106,-0.6199341874048961,2.407377583931219,0.17259410391486618,-0.44272505218466185,0.15161882736063023,0.025426702611634773,0.18780254789108838,-1.593717015351033,1.2919466965668656,1.3488294204391502,1.4703207720364857,0.3254317585362977,0.6624810601645157,-0.8662269480072499,0.8328993285973896,0.25178770689393903,-0.46040661563924223,0.8647446916408404,0.9034490360911002,0.060608835674933005,0.4383825801284031,-1.0317170119335606,1.2431834372143582,-0.8988131880349017,-0.7054256480791758,0.06231564543053688,1.1145162842184595,1.113948633215661,-0.004824621905130248,0.7730133622538113,-1.689058449328896,-0.7193199901295528,-0.6989504394636011,1.2522129097598176
0.6546541629080077,0.18465277590460072,0.281735063829374,1.5683392760301245,-0.1701796665065516,-1.3140673085340397,1.0871951843953045,0.18183903720506076,0.953671678165781,-0.044764807386507684,-0.8386895237038932,0.4028217210829767,0.010175070741430444,0.18494228287440923,1.6165704941174162,-1.0987024773847005,0.2859186604759825,-0.8189966901586768,-2.590545973120058,-0.0489651890222238,0.031022936999807037,0.6235221029507587,-0.21754074858394365,-1.4890003551239719,-0.8224315772548629,1.3169588366867038,-0.8366279292906311,1.5832255296925064,1.0499842925713831,-0.31778060433606964,-0.7290791631026989,1.0479129691305784,-0.24091124509361989,-1.5456501396999585,0.5623166206232582,0.4172634478581861,1.137706202714778,0.3495949993602971,-0.5491469770457174,1.269678839602134,1.3669904326788433,0.23320596398520743,0.060321914532972226,-1.323271023105105,-0.6075263423464762,0.7607696419593537,-0.5572803003627007,-1.4568378693933226,3.495877789600099,-1.4634059584266885,2.2567513964341175,-0.30742344459825993,-0.08456299914380815,-0.6722782721875988,0.7828371647378921,-1.4397742131100844,-1.840329036234172,1.6101715293786063,-0.8039723988069778,0.7460881195396843,-1.085456076896216,0.7084210428945821,1.68354649877845,-0.5271213854151164,-1.9334411067859811,1.688793913309905,0.9262443215248913,-0.4735712337713081,-0.21795205326864608,-1.110652196249686,1.42025693244196,-0.5347156078106451,-1.4187085375474735,0.21364588151247146,-0.8600133615785398,-1.030014575863108,-0.4300992037619455,0.08635531550037072,-1.381109755914747,1.3851489252123237,0.6771597120657875,-0.36536299077273116,-0.9033434862969979,-0.08922545291666428,0.8994350407557219,0.7445840271996791,1.058504300451178,-0.48037749098032195,-2.924925179196677,1.247811197916247,-0.16719614307235198,0.666166065471662,1.669228754640302,2.4344086332376818,-0.6498214781408206,0.1339599071656446,1.3668364606054457,-0.8442790185229957,-0.5821115937904281,-0.588038578458875
-0.02809031340802223,-0.22012368028997004,-0.5937953222563245,-0.9657574156062594,0.8119403283952916,1.337831020966117,1.4827147941724148,-0.48107355738448426,0.8537246722572774,0.23632590272777546,-0.5706713486133254,0.734218218708196,-0.6166050540454969,-0.37617660278168846,-1.3767297025036298,-0.4642210974332259,0.25386120901458487,1.5689344956774955,-0.35349544620168666,-1.0381691470869339,1.497368970934125,-0.5045524370842177,-1.748381656140865,0.13309373513678405,-0.3247734732791751,2.3003956426851713,0.4753660343472122,-0.14634235365483608,-0.9244972092556034,0.33016684119296735,1.4567099500617942,0.3118141834772605,-0.8474296921179458,0.538806211751954,-0.0486068948728155,0.4486131033181622,-0.3548073501842204,-0.378295274261212,-0.4177797974317798,0.9422381514973616,-0.3682252752410914,-0.45973073137422704,-0.9420659015623665,0.4540138017167675,0.31170180213121856,-0.44876822448863096,-0.7093787075578609,1.876173413227712,-1.880443055124838,0.49317200320172117,1.2914035482160082,-3.3868137614883,0.7941400600761793,-0.2202546014960882,0.2560548642832593,-0.32323796452209,1.075393445646077,0.3631193416713573,0.1317198895343158,-0.8988606069585929,1.8822922338341885,0.009931019733270987,2.289805797460459,1.927569385178195,-1.7783509672653808,-0.6549459608026902,-1.0369510059749418,-0.04820608148706246,0.18716402048616199,0.22992646789343035,1.0541286760189787,1.4935827693088695,0.9674877492386388,-0.5609352142237467,-0.7820238651074395,0.00276183588393645,0.4261195264046615,-0.18319134571712223,-1.3454848362522223,0.6820595085768006,-0.39231476873390336,-0.42251273442204323,-0.05461267405809275,-0.23989891708016095,-0.3665010555121015,-1.2801253069331895,-0.11224746695165881,0.7029537919068678,0.264644005121289,0.9481214391006447,-0.7285450223200068,-1.2780584791178016,-0.2458499789779966,-0.614236618548697,-0.510334983207748,0.21174971808112725,-0.5030805391046554,-1.2500684892063942,-0.5589947278819981,0.3400593668608015
0.6714806010069174,0.661422784083347,0.4244730942479096,-0.16809346596524435,0.4049140989591295,-0.042335658198237126,0.1130961378202375,-0.9393267378659398,0.0438749637607155,0.3786662342514116,0.3411273134397087,-1.2875190260592986,0.09626077640338242,-1.4438895774639133,0.17367664613852624,-0.701337191602714,1.705642942525445,0.11924332929589004,0.8011640198239227,2.11087263702428,-0.817401811088721,0.4356749109059113,-1.1859110092328462,0.34489700824991926,1.765709266450403,-0.6278832144417893,-0.8859543132945961,-0.09117423351856317,2.0458172880882857,0.771038919953255,-0.9049146520560105,1.455060582481769,-1.6550629923331868,2.136559128802725,0.856450680015159,1.763557440006718,-1.6477981083840352,0.1694418308596864,-0.13388892656571572,-1.006979473446641,-1.2960236202513922,0.5070812587595488,0.597731708113624,1.2999740467257528,-0.5034210533268308,-0.14160981015580998,-1.3824599249460918,1.540785811994749,0.0695480877572431,0.7225885016201056,0.7579053961110119,1.459107157301978,-0.8313994672674534,0.6975866003471783,-0.025008706309041482,2.1056770663406312,-0.8343641789960169,1.1714263477638722,0.35034177922839693,0.29785609420602127,0.054020726047489774,1.3466658228367874,0.2638517010739347,-1.524415338120977,1.219503568712245,1.036201832131722,0.5871376842128475,-1.1284736297475466,-0.9731153602213203,-1.877442885236109,0.4603298731798137,-1.3495488481743696,-1.7187508928621646,1.2749891193000438,0.768179564462847,-0.33317166483092703,-0.13404658325719543,-2.407344206983942,0.9167449190592203,-0.6927314644886842,0.33029086313314077,-2.488562261791484,0.9775680321615458,-0.7528447693857241,-1.3760422637893543,-0.33960163448836717,-0.596395217935485,1.0742676129098663,-0.4203951223616271,1.3626170266133677,0.33014261578907306,0.8943678872123748,-0.002166453227886297,1.2720589823398831,-1.153623990282676,0.11362445749432701,-0.39643582943141487,1.3966284795073118,1.4990344046594257,0.0004212592371184664
-1.2915111010958051,0.42709731679166757,-1.6646097350337665,1.6261427987831114,-0.4731700706360385,-0.030570163417495192,-0.6809510758067541,-0.9017815867008206,0.7372913165470523,-0.1586166770513216,0.042482538923175224,-1.0038910792188394,0.8560592234970398,0.9577897351368669,-0.20892848687957735,1.2679221333318873,-0.10412415422452258,0.7797554962888209,-1.6229275808300976,0.35343086648641237,-0.2714814676069348,0.15552242595499616,0.11068240565582617,0.12569982217698403,0.6157007293625533,-0.5651736316059788,0.5690792595356432,1.2325248831179065,-1.4101410049803234,-0.7805400982293256,-0.7385354255011861,-1.0920457994509594,-0.4746977696370589,1.0331185153998403,1.4475869245124284,0.10617496974650213,-0.3242360108482005,0.8029239690806602,-2.36396849425218,-1.0551784721031583,-2.3216304066999154,-1.0656997173554419,-0.7670175269020002,1.4776818779376781,-2.7610619661559896,-0.4167026002343339,0.6195664721781072,0.4107306632690933,1.4617381335348938,0.16105147859658853,0.37427818048114503,-1.8385068318025504,-0.9882688581768089,-1.7827047434480237,0.5726081079140996,0.34869045175724583,0.31353796728351535,-0.8814336084580743,-0.9729497793166654,0.20944693229641737,-0.6693860527711348,-1.0204045638322368,-0.5083893712580683,-0.6607420360353083,-0.8667229746284533,-1.225767816757602,0.4486897683389067,1.556049439477057,-0.039004200618653756,0.2224341369699279,0.5363778526017037,0.36656575719312195,-0.8469123283169792,1.7198462111025852,-0.7573105136779609,0.6480883646604091,0.5301913073429116,-1.9584415421346377,-0.35884641691291935,0.05662845181217025,0.13315121142428596,0.301420515516767,0.7576628729399759,-0.007515364270778083,0.354617568017944,-0.044954586772383044,-1.0173336567547735,0.03240144136967392,0.7490898442530696,1.108788382475365,0.5373156575442041,1.3343503259492993,0.41886474740898055,0.8638798216688371,0.937391149279786,-0.2233505408837356,0.7260034325676684,-0.9406448976409142,0.34981234254886373,0.5770258266684529
1.0510951206993302,0.8207593039813063,1.0641141833347134,-0.09938033012642304,-0.3453931546700472,-0.2748987578856162,0.2662837304486303,-1.8087470156422523,1.3317569703945535,0.0438733598289749,-0.41500158233511925,-2.5297162106054607,-0.036813506178282614,-0.19847651507575567,-0.897046430645255,-0.6730468451270122,-0.026636644445163456,-0.588236459587683,0.5718780661783558,-0.7487835886440163,0.1546084295207779,1.18004536881117,-0.036595862562551394,0.35597712395974557,0.2926513874005982,0.00799689961726585,-0.06700714194351028,-0.5713742214499119,0.15101229055781942,-0.28326750883946716,1.546090168234707,0.8111432591099114,-1.452795895888346,-1.3971579982180775,-0.13045986903936505,-0.39530547743974637,-0.18319391822192532,0.6511614606523132,0.3157358988773569,0.3056292304581544,1.4461946654953937,-1.3888915541730793,0.10393883414889918,-0.579052547947254,1.435435785839352,-2.209351605823344,-2.1654815857130014,0.3046362963480508,1.126296559324147,0.7732543213170501,-0.8009807933177084,1.5064217220015799,-1.2314687485942084,1.3074841895433447,-1.0992282503581436,-0.3518241723372218,0.6392695378569174,-1.466207830896165,1.4690233975407674,-0.35794383140131436,0.13727613567828928,1.1622007890407522,-0.7931253451671499,1.0608136862553892,1.6405335708923698,-0.655578997329579,1.3693876725962943,-1.760578594241603,0.389600394794567,-1.2285985157038086,0.9425685485361891,0.8604560484222035,2.0773799955912433,1.4212829829524993,-0.16577119760145495,-1.0817474872988404,0.56568707966939,-0.0607314103854932,1.5511550445957039,-2.1663808434157783,2.188056759288627,0.5319906076118036,-0.8130121217203724,0.7339892274185661,1.2974214212897037,0.11434689130368872,-1.7649203841448429,-0.29384703634710596,1.039395053042138,0.49666473422737467,-0.15650703083537273,1.3083158308914355,0.7393058408322967,0.8163391559383438,-0.41063469198080127,-0.5073836817460986,-1.6999597206830213,-0.25939175593725616,0.935392053798128,-0.2040932970155869
0.4455388465290052,1.1111993566532803,0.3728329917986322,0.4705147617608019,-1.3578224620375543,-0.32256478410197714,1.726626506496595,0.10379718109609347,1.8967381819965747,-0.7231156306389472,0.23394745213453977,-0.38267843755186814,0.5919846851245532,0.8950086680601209,0.6024660957009005,1.0418521437480288,-0.013172988522326835,-0.19052836766367762,-1.7581930072759717,0.6384509351645649,0.17218409224015727,-0.06791473756253315,-0.19081740545434528,-0.03687956134379011,-0.23623613149791714,-0.5280338385633047,0.23958888072416873,0.48415911893295277,-0.7705679143861808,-0.40073556918739084,-0.20462175126486848,0.004813307376784878,-0.12818546958576715,0.6597211996563939,-1.6523670157038093,-1.475037198340117,0.19356939925357777,-0.6026858478277888,0.8842423057738108,1.1698009525885504,0.23374717642291024,-1.0719749162741792,1.0545935162270592,0.1989026621503274,-1.4869359725271176,-1.3985196480651843,1.5169467897086448,1.3511359132612295,-2.517143142096245,-1.3577908952578768,1.1408554956216552,-0.01849258839304812,0.7018492854920929,-0.06195274609809678,0.6544924900712037,0.005833546665433634,-0.4376082567569663,1.0587438299148093,0.20205461602564603,0.6523887162435664,0.15744792496076662,-0.48635689354981293,1.6083893113571923,0.3549682547576656,-0.35504864437215156,1.278329470318716,-1.3208237738789572,2.2362836507959862,-0.1791497576634285,-1.2680142073833764,1.905941348457565,-0.46316761307279136,0.24324456985562717,0.7176907414394635,1.1841725276601456,0.2997745637215646,-0.6473154083300372,0.21899252333399247,-0.4193155453317213,0.2490116763645237,1.6281495457568582,0.7559251916437938,0.20664643809833885,0.7384908326063404,0.8100806519091857,-1.0778741029687253,0.04172271121569786,2.562527659332516,1.2128209850318663,-0.5034355591611999,-0.6032078961176216,-0.6365257231756023,0.8663199502620572,1.6076409211162175,0.5821670444800581,0.15716234986881794,-0.44415535763277153,0.32937314558352676,-0.8201217200962095,-1.9357655472112385
1.636825690112449,-1.0058126703621093,-0.32483237366931933,0.6563574506292909,1.4344668693460538,0.25713065241862126,-1.1937109876608283,-0.30134644969155117,-0.6784854050250794,-0.03821102747132102,1.2319844712696357,-2.537388596069884,-0.41138983002749074,-0.4840496363870183,-1.2567613448956396,0.5854907437496162,-1.4149758718760481,-1.2998942792963248,0.8510692140206136,1.5005713689626685,-0.07609676861195927,-1.217396118989266,-0.7055540917782499,1.008001947245045,0.11643824066339366,-0.1010387768819228,0.31304970991314623,-0.03765994352544069,1.5457122976592172,-0.749143264693601,-0.8639591168352135,-1.383453518068656,-0.5399876357256903,-1.0919754746661545,0.2180755086527237,0.020947365525143383,-1.0790755000679764,0.5891393590279725,1.5168128671298737,0.3578383486710236,-2.5434981829554735,1.9871309706701052,0.7469234690710594,1.9564182531884509,1.0907235861498341,1.290515418870559,0.20526689360108463,-0.2622960121898327,0.37348118773216055,-0.7087850802465393,0.43388085090023226,-2.6267862573507106,0.04293224521441284,1.3446761201021329,0.09430857892896574,1.7274827380309878,-0.2637453878486052,1.0026509129878278,-0.878270073673366,0.9619566195553785,0.2325949082278164,-0.21975049584272882,-2.57388211506442,-0.2543767758055499,0.21345301927981047,0.8287094352199172,1.5609497990990675,2.035032701365911,1.2462673431229843,-0.5620903253041943,-0.304804089517739,0.7389154710436832,0.5196144598478016,1.6283459593913616,2.4793894187099115,2.2671801950982227,1.4939381997983447,0.5279026489428972,1.3493250629458442,1.661441013728396,-0.14730039725501845,-0.5326609725087593,-0.7674210000716748,-0.8763847334453033,-1.3819953225931907,0.24990170911772747,-0.9997528010881317,-0.7835221841353823,0.7012555591767271,0.18160906625350978,0.42962494063367457,1.3651487618920815,0.8645299085407953,1.518886581452663,0.07997649477807062,1.6117905913123958,0.3597367643574598,0.16870626109520295,1.4615262062765033,-0.872153679193295
2.0236005675424753,-0.2821000200372859,-1.2181079715493217,0.6535019520558621,-0.37732151011826054,2.0258070919112505,-0.4329008187851472,0.314448917351962,-1.425593315478103,0.8129142448974712,-0.7773900758589046,0.6933246903326009,-0.4283452397058618,-2.0469346867227998,0.13119009034388346,0.08642851707843523,0.8810715736226133,1.556000571839204,1.9124094099167985,0.864154213470886,0.27861919206591823,-1.4273335895154653,0.2020209369900072,0.21494016993893264,-0.198640259656028,0.6329676506008086,1.1219057109821344,-0.8184039305286839,-0.8339843541994671,-0.13929201177662912,-0.6152291907079231,-1.641253202359863,-0.9965927363229516,-1.2323211470374407,1.2084505080181531,1.7028270060092783,-1.0954334572945867,0.5460735131371113,0.8735164244697508,-1.4922687866598638,0.1609789471789995,2.533516165346526,0.6771468663576308,-0.24530054133253051,-0.560186525218209,-2.0224615847208947,0.47047365611673203,1.9478167872543153,-0.8135437543979207,-1.9355846795170613,-0.6642241813532244,0.8815997459782084,-0.42850000482208533,-0.8204680929130882,0.019154915057859004,0.22970074716785507,-1.3883901407716945,-0.2172836969368236,-0.4972676139223384,-0.6409043492480827,-1.0170366693914479,0.9412578547947976,-0.644386928798028,-1.9949452858132852,0.26429782197543344,0.7251994726731844,-0.7960160652158775,-0.5596626897839663,-0.6490537204283726,-0.3466533614301105,1.106850182189822,-0.11405917237235645,0.8395935456672053,-0.9688316315467529,-0.38369041958098427,0.9540138158473067,-0.8056053984262593,1.0121364609085306,-0.6283840909951381,-0.3216625150584195,1.670162587348925,-0.4358189771662314,0.14534580275063477,0.6164364225217362,0.22650864967201126,0.2550533488895766,-0.05653974398173432,-1.3022392090163228,0.34828933009975854,-0.7324684570116543,0.7757672174031766,1.3720614239496856,-1.8055572614170154,1.3738078274271044,-0.41105779186704344,-0.1309492221844728,-0.9123874525123897,0.1884677290662768,0.06681488317740555,1.0769228252928504
-0.7413932766302571,1.6608024019379088,0.6647140863088895,0.09096897677540905,-0.18078436389549102,-0.30656944713385026,-0.24134377440650479,0.1684019569354735,-0.20899996069373228,-0.6405294565074873,0.1744592948367024,-0.8362881187253874,0.3224669010017471,-0.22306703548074155,0.6967309092318439,0.9890742106954769,0.9886805603447387,0.318105056052626,0.43483122076684505,-0.32275102611843537,0.6776396884833475,0.7905013606617233,-1.567329153524528,0.3783471956072637,1.368129807708867,-0.3562902946047844,-0.5745469761338794,-0.4198634610863194,-1.5048759928291267,0.12598395444891058,0.029965440097251415,0.1970268328773009,0.415976621217802,-0.7979934021814765,0.27319919902204376,0.44319865991572976,-0.48839173081703213,0.4201179982519729,0.08070662638674134,-0.6311897694433802,0.2827886964836766,-0.29071074335321945,0.697065274014387,-0.23916638006903776,-1.28976558176506,0.2669869855276509,0.2294032478314346,-1.0811371127976614,0.7505361154353056,0.6982208361354789,-0.8699801924749085,-0.6596263010599115,-0.14200761302952686,-0.7588521310376378,0.6403971849116776,0.1489719493272099,-1.0935571458882358,-0.8224709128492901,1.1877191771664013,1.5355623779154153,0.5387289760525086,-0.21127525515031384,-0.4399629124065766,0.5496994183110051,0.07592053425948668,-1.6100714474143767,1.0318679825348305,1.345803267362869,0.7372525329431979,-1.091611194628208,-0.6368264497233397,-1.8577198613577113,1.596048491395556,-0.356738563259028,2.3332893216497825,1.9552300309077781,-0.9034264163689436,-0.7082677394030134,0.46619034234711976,-1.7545421038662703,-0.43825911737856177,-0.5381590012067285,1.8511659419467084,0.16101788550445562,-0.28476697753719615,-0.6314847326853011,0.894049597324794,-0.49671082393040833,-0.05028297436249998,-0.6391235224719644,-1.5175371320153943,-0.9960351277026638,-0.5019717073646935,-0.2632548302636291,-0.21942392592350715,-0.08891970051876215,-0.4886876301510091,1.3491263481684062,0.947984119856982,-0.13510926719083818
0.2542582797409963,-0.37208824145295505,-2.8434852920517755,0.020493012926024876,0.3056143612512159,-1.6126617580402274,0.49941106919460265,-0.2805766779448092,0.33793372063466215,-0.25039864737008577,1.250954474226849,0.2262288205840868,1.0024164586720072,1.084726142174945,-1.1195557260884106,-0.7390168700211478,0.451610682726256,-0.36553728375817224,-0.2386067692562958,1.2865648221706096,-0.31036637819207014,-0.9689293482485823,-0.8338000016355946,2.182356501192701,-0.178219480385237,-1.3642477552179104,-1.7694585953165944,-0.6246366426741136,-0.19652211942738346,0.9491737064276725,0.8523451664617671,-0.0063464210728351005,-0.454168586159589,0.3396018534216899,-1.748746076136388,1.9810808939292175,0.6541055958566111,0.8669902197282723,-1.0741533818766107,1.282648641296596,-0.4600171610262952,-0.9525581228185633,-0.03917237060621958,-0.06255508598837396,-1.0785370725119967,-0.8949373535413653,-0.9732317753280502,-0.9637150678568247,-0.38809790709960035,-1.388985136172458,-0.6913744974139358,1.0451345483842691,0.8233094521041837,-1.0498792408927546,0.9582049172942336,-1.966439269136049,2.4291443220121534,1.3003131921355924,-0.5597319121401069,0.3824265617351101,-1.400919328109129,0.0604427899258135,-0.18366303250246685,-0.8347633893923956,-0.46855748632585903,-0.5669874758094271,-1.1317367193176353,-0.8581472458966631,-1.4418444259997125,0.8573307655606177,-0.932112746456269,-1.2220208715701542,0.8415046798159969,0.3696203543393301,0.8045010559489593,0.9160832241966544,1.937454896938424,-0.15603976669318437,-1.4576076789955075,0.27103780076212536,-0.6690046228798174,-0.9575052833155407,0.09992517221724088,0.8657527330095898,-0.8359948415962833,1.2743880873317186,-0.9896139590028159,-0.24390322132546324,0.38630788178086795,-0.3878992086840582,-1.7760023389385369,0.9274074917888051,-0.6234643403560272,0.7448984493936928,-1.264144135027662,-1.0934365820964118,0.8624334095553571,0.3405080927420234,-0.43858571068467656,0.35503159817083757
-0.954039135544358,0.11025911748890925,0.12855392339006536,-0.37378160519102877,-0.8352857055907584,0.07024857821479363,-0.054981143300898205,-0.4658220789196091,-1.0338144701807501,0.012477049335467458,-0.4633223648366058,-1.0346576204369333,0.04352981075811124,1.608305472055386,-0.3668276659070778,1.4977765412420228,2.1143317147300955,-0.9534189023776751,0.009044208198964412,2.1037319178163094,-0.12107996140904402,0.03681214576539992,-1.6700054743748918,-0.5316619003196678,0.5555886846689371,2.42928264295125,-0.19600683347169046,-1.6626263222513549,-1.405249190773309,-0.03578968593829679,1.177206798052249,0.6373536828753954,0.4602558635101262,1.3091443869175963,-0.7202290875189514,0.01909471995756535,-0.5203821202023954,-0.2714557354520736,-1.006269354325485,-0.3439760714337959,-0.027715566245399007,-0.37147149986155037,-0.1610615030138018,0.4050405434371863,1.2386957690643992,1.3111558681125979,0.7614217673969923,-1.2599814784383159,-0.36040998556985365,-0.27428503071260146,-0.6571498307885644,0.3423511790296067,-1.5943284932814579,1.6935664695282915,1.1952206715217146,0.47820226190175774,-0.06210932992018467,1.2288392950725533,0.6894049367802672,1.1066377842180926,-0.05905208225984015,1.7893130858641673,1.1668878756898562,0.5095362954359314,1.2559729204311547,-0.41916194183397215,-1.1675003593470266,0.3215505130474756,-0.05709044581346881,-0.1977173422776291,1.2163120393494031,0.1671392132106304,0.26356907353548437,-0.32705255875409617,0.8811231392795259,0.7018757813079195,0.8736596768942935,-0.49726396663617856,1.3040884600469949,1.838768423766373,0.8420383973247058,-0.8092882872442909,-0.8022022842362012,-0.3753769555930878,-0.5643772140185209,-0.07109262568726467,0.6324424663678476,0.28995244074984855,0.20228905638628883,-0.24120274980014564,-0.07384592716454927,0.7965755075290015,-2.011958027499815,-0.011390408478731559,0.287987594927325,0.7835830685472929,-1.0100459392838244,-1.0629096824531188,0.5839549948781336,-1.904452240256916
1.3321891107607855,0.22659199149281042,1.558721212843437,-1.087072376569513,-0.43635946871824044,-2.4078683269268857,-0.7956897629952762,-0.18384688072187927,-1.9627075800084366,-0.3946268121983994,-1.9873401768602443,-0.2574601849114253,1.1471119271082366,-0.03497975011412269,1.658207372611803,0.7862925633946097,1.3481478486069713,-0.7649452408782836,-0.7891416283926023,0.3456134163853686,-1.577702091632859,0.47114374976209034,-0.3239198165469296,1.329996837546657,0.6795122540794105,1.096706430340127,-0.7542060813950472,1.048210268761728,1.4447124943642828,-0.03871382338034076,-0.7393506193664882,-0.7217872012344094,1.239012992015965,2.6843457424233113,-0.981645070175222,-1.0585200500425602,0.9214141806744788,-0.7539135293666445,1.0183553842282698,0.46534617352664587,-0.023977302497963874,0.4412715345216878,0.380198369153394,-0.17960649778617563,-1.7563610316384946,0.17865072858903483,1.5730603660641642,-1.6087686632045235,-0.9657850201389447,0.4268269747660109,0.03859186273228057,0.4111821595842892,-0.699318207827662,1.162458286592306,0.046900565690211025,0.6969855223430569,0.3202774109710961,0.17549496796099245,0.6268336570281299,0.18648795396695048,-1.190199028095512,1.0873568257159645,0.8181272862481836,-2.10685039135781,-0.6542002848756773,1.042360462492807,-1.8269285464778338,0.9435668819007444,-0.14122253565425064,1.340282570333991,-0.0011467890754636246,-0.7220679929956276,0.30808566075914057,-0.030385489509986232,-0.8108511341406807,2.2183434830113864,-0.9710981815843147,-2.242955375059794,1.5816989681214926,-0.5835634723159264,-0.29677326096569556,-0.3579060646290342,-0.569651434158326,-0.7661924712634459,-0.9968173024969644,0.06475976170456565,-0.4019875576756351,0.7303621903339466,0.4826940516161541,-0.9275121935254043,0.10852127607235619,-0.41783832412135335,-0.9916604426336656,0.6894315705151325,-0.12132527930836483,-0.40755002017047903,-0.8555672364232793,-1.027936761073339,1.988768023914546,0.33411864962999654
-1.0911290372028166,0.28786589832281284,1.0620161767955376,0.16751761253004238,1.3740213421331244,-1.5428131420699671,-1.9913220473802107,0.2605174218537532,0.2764961433738831,-3.339500178254242,-0.6235760912020152,-1.0086623143834552,-1.3919462407031564,-1.0110417646098109,0.5957878015993596,-1.0174050212897083,-0.9831221345818416,-1.618805308857679,1.268909642515826,0.43463236547063433,-2.492356202902901,-0.9822400792231865,0.528517884394926,1.2813925489828368,0.8408387593666566,-0.35568291025788557,-1.9313768607930384,0.8702489939113104,-0.29689685132050436,0.06886201461506992,-0.17742043820849684,-1.355529499576268,0.36425021222298903,0.22645903111344676,-0.4257888429147984,0.4711057998624871,-1.373999547423306,-0.2690027758831089,0.026127472935788817,-1.7349276321350622,-0.057096610836053406,0.7336451466812959,-0.3032309240428677,-0.034114902514344424,0.562344039234167,-0.38780010886627264,-0.2977973995442889,-1.1767035145324671,-0.014936777320765185,-0.3348484836047804,0.49908979505332257,0.563459954183239,0.7912090390128811,-0.5082603508951309,-2.176581085624116,0.7416397464647746,0.4311209640974092,-0.6352916046860899,0.5549401995673372,-1.4485898025162416,1.030240212870275,-0.33362455179405004,-0.8289276130048954,-0.6217015562388877,-0.23148498600021244,-0.01201207329946324,0.0482802803994069,-0.429607443958124,0.20023957346147908,0.008279274333433777,-0.6475729955743991,-0.798190624421264,0.6083655428948375,0.5243260359979053,0.057136355161263315,0.9241954659902013,-1.9613276561676345,-0.5643946415067032,-1.1563171123346443,2.256272265137851,0.7132198203959864,-0.07906198365827584,0.7849905788461563,1.116275663755115,1.105631691524071,0.9217034851003533,-0.2625403232820616,-0.5013654194839521,-0.9621891799806851,0.5024472667290073,-0.15893573532878114,-0.4184710305171959,-0.47066136172780243,1.4501926306346884,0.9526804128416713,1.8303938561281654,0.5290162998921087,0.05695444025489809,-0.025402450744924792,-1.020301547261473
-1.2614189917514007,0.5073410218928746,-0.9346787104832548,0.21145775386723586,1.1154666830952116,-0.6654539330308965,2.010481634591578,-0.9906951209440994,0.990194756489846,0.42475618113236224,1.1940952499461512,-1.1161976113596896,2.307020916953611,-0.17877508378290563,0.6766479392992815,1.444487488946501,-0.6046620674952157,0.8257263629471786,-0.7714696452214928,1.3969615804578392,-0.7601807312287338,0.03850698249575914,0.30612070101196,0.7842997697226155,1.968476308426545,-0.45196898961448945,1.1387347742736065,1.970258448634137,0.16573336086491727,-0.5501327501202914,-1.7300337394352916,1.8832757674110623,-0.24444432992436366,-1.001358499230551,-1.3583300842097628,-1.0032141903900413,0.9197052932271652,1.0578685276747382,0.6521218714555364,0.1323378273533645,-1.2455205895013357,-0.7299409459020475,-1.1066194106812755,0.5728210055262651,-1.0633124788617043,-0.7142461110535925,-0.18348724299850708,-1.669800153096347,0.046771430840846465,-0.10715288103553652,1.1842091459616908,-0.819865545033752,-1.2991955183123356,-0.37405964959128485,-1.098091293436016,0.039154591813124515,-1.859934861826606,-0.6053454033772814,-0.9283716698222197,0.5677570770860688,-0.8105647096253652,-1.736095758598499,-0.2018200969345484,0.31988614027450907,-0.2712051932607258,-0.6113227792191078,-0.6715621005842627,0.11294803244203394,-0.8894487492395482,-0.32848297141053373,0.7504465708873735,-1.3013230789056454,-0.04366701974027218,-1.7889894127970047,0.22792967000995293,-0.9788092107990611,1.019591813030795,-1.476947309645349,0.4420790368010079,1.2211310785264933,-1.0306894014204686,-0.8618849289949396,-0.9441956443765975,-0.4858626884043041,0.5174217991894656,-0.5675049338871236,-1.120958225206357,-2.0187537065832903,1.6019475065123963,1.6804956304146477,0.5602370394884567,-0.8103836944249848,0.7477021151316466,0.9487069174930661,-0.2542481314127337,0.04136854399889045,1.2317682294894925,-1.6404613570564084,0.998422823122174,-0.3091538113565132
-1.1125783020110505,-1.0303064732943388,-0.8647221345190883,-1.210070720101203,1.7713889743890159,0.4912029385010012,1.0644827536085684,0.562368291616678,0.06122760847017328,0.07475532336563209,-0.3975126389098622,-0.3157823764401705,-1.4081033738128916,1.0818261510402631,-1.8132332860030453,-1.0586105905291991,2.0120341309606107,0.13617288306482675,0.17771044503019873,0.637338547767729,-1.5403374931213956,-1.3937933664700233,-0.44489434654884663,-0.9033609575476902,-0.07495596500940063,0.4855492953021359,1.3891630478705959,0.8110883397895909,-0.9942767116889544,-0.37496407794779296,-0.6469451712496146,-1.0165608790123495,-1.2441751126778324,1.6643123877245405,0.010642243232649957,-0.22423020660474796,0.48425756659430164,0.5337461037415729,1.1188256537064214,-0.7436616133667655,0.4027222168728204,-0.9111739763508288,-0.19015794373872816,0.0567425671620541,0.15448399571906116,0.11032110584719063,0.8018309825449195,-0.596988390975772,0.18167427290347155,-0.7589048395204,2.920752565885881,-0.9128643177636298,-0.7006526543445547,0.8826480770131198,-0.42946514350115844,0.8830461277010293,0.1530225937258849,-0.40318926655379017,-0.7527553491247774,-0.7888365616368728,-0.39232100251274205,-0.17439631834479785,-0.8318812434238743,-0.10923243018654473,-1.0941152926680076,0.755901216596352,0.9473623994599645,-0.7043251902085312,-0.7601730551152204,0.1779168070098723,1.2653660930315649,1.4866636642531739,-1.4027427232362673,1.006304829651524,-0.061553337935194664,-0.0421897004605349,0.5047123656505609,-0.48095747041611425,1.0967006321083048,1.423962271769807,1.4612842775352368,-1.84391478826528,-0.22965726872842973,-1.9352305848077576,-0.765280061943342,-2.397498871129658,0.45026663463948674,0.21930963558017413,-0.43260110655676587,-0.7911481105503015,0.31403162435367016,-1.0114220713710964,-1.0794621147673265,-1.202416201934709,-0.20384093073864895,-0.5823075695327627,-0.38423801846367056,0.5218087400187319,0.963296604859499,1.4504807848958854
0.060136977968292246,0.3475891025627698,0.18884635713091394,-1.6741856988139034,-0.36969705597108654,-0.3650982227406636,-0.5108128257696115,-0.040939328618838,-0.21948055321432866,-0.9863267639250577,-0.15102595384705314,-0.6390503970850308,-2.6192427269168923,-1.3970689203104634,0.08891432581307872,1.0918913141541096,-2.427203257678265,-0.8703916337536574,0.4314538339947598,0.878195463753168,-0.4201135615760179,-0.6827823584210693,1.2197107498901931,0.7960927059985686,0.8586183980760154,-0.46806400249074526,1.1136942376836785,-1.9450687328637115,1.1312300916590134,-0.0665321534418896,0.12893419124781486,-0.945252658077477,-1.8140263481081507,0.10770414779173078,0.5513945495913972,0.7026923848187648,0.5947785958245864,0.3681616950534575,-0.9237864361929601,0.7674760725200329,-1.0356223474753286,1.1070642360651346,-0.08398186880617295,-0.05070921986548373,0.8659266183051019,1.0014686255341387,0.7706386789501385,-0.8204578495556687,0.7626695504385522,-0.814789609970448,0.7879014017276592,-1.4251631960622646,-0.09368006193836467,-0.8208911395056712,0.8699356524480258,1.1151667740890134,0.19899651379193264,0.16610914393788453,0.7041771224811357,1.1211148799491177,0.03731117466216158,-0.4996753249479805,0.647267486440488,-1.8587273710936711,0.9096515395588257,-0.710186949441712,-0.240227866272449,0.9160513231183111,-0.41550951638969097,0.6474088785748029,1.1389087540744147,0.11003309004750557,0.3114481558247118,-0.11943587394371906,0.1155979970637203,-1.116404779950032,-0.29373808655807515,-1.2882056069825194,-0.8987672245273987,-2.0029490206721627,0.2639281535048868,1.6916021653774134,-0.45610573514057096,0.9651335905723796,1.125692816016916,-1.1991372343482705,-0.983793917690822,0.9907980883522075,-0.0923413629918523,-1.2907888661505926,-0.6368595869286072,0.4196602448120655,-0.7939366741048338,-2.7745368654343943,-0.32201317720783634,-0.24099319385519619,0.009226434144327274,1.2588833732895297,0.053522797899045245,0.24293735442570713
1.0555369736494193,0.010344015835761961,2.136520745290102,-1.2637082939790019,-0.9341477131078442,0.6139584082708136,1.2543135329386388,-0.20079499686862437,-1.0106211707894057,1.7609895852253519,-0.7923688948043105,0.3390544511329788,1.3141518113477852,-0.441605223421021,-0.6221278372567142,-0.553687742029664,0.9015512565747645,1.0601477052026598,0.03372539176212735,1.8830822530697335,0.031966559270127905,1.2923332141681654,-0.4320016042509393,2.3337565337055644,1.5701314155797115,-0.12797463552851548,1.4345402087170027,1.3839804911720175,1.5530410762926485,-2.4819863357203054,0.7193514492908354,0.5422987693057414,0.47107328094345274,0.21834643339789744,0.24781127951452644,1.2831403052980808,0.539473373693372,0.21690644373236276,1.1393810148356187,0.41802617841187023,0.5135684273533802,1.8670371088112274,-0.4344807125496473,-1.5157103384012427,0.07236351099079716,0.21454334495696417,0.7215290294571908,0.10731591466196098,0.7551192439725588,2.5046166802715693,0.8015143188770092,0.9773153010514682,-0.12953140772243416,-1.3852570895073022,-2.2981115871297453,-0.5186805821357181,-2.5803716559651195,0.513549025019274,-0.3828169844248543,-1.3133748664752432,0.13087411994862555,-0.7386321936418038,0.45077625365076845,0.707626329822504,-0.7018341629884417,-0.23728118109032606,0.21489575383822024,-1.407042213542425,0.21480752287701615,-1.4310186480793956,0.5657169795528693,-0.4351636626281992,-1.4365427340442345,-0.5799735991408242,-0.5376745811934424,1.0685208833869444,0.17330469928579412,-0.9562774575651327,1.6490662872004866,0.6264904015105582,-0.3363223685796622,-1.5538341856950224,-0.42459357948019355,-0.22051308465767064,0.36903233145025566,0.6072565096596554,0.8065820954107351,-1.6114674308385473,0.2085048211632423,-0.15961582524821177,2.6779772761698784,0.06469443909637085,-0.6226531984613715,0.11036885671691517,-0.008568288010766097,-1.9890393071510153,0.4083044634178372,-0.31055809067858187,-0.026691215160518755,-0.8735685338905581
-1.0939142302122355,0.8788823340756451,1.1084566564428235,0.4180986054372352,-1.8107976005596345,0.48306335926132365,-1.795936551336686,-0.6611756348282652,0.8655584487572417,0.6575984817044913,0.4569673645334697,1.3129026539197837,0.5600151474079267,-2.0190192250408825,-0.3695308462563598,-0.041608457731060706,-0.15874172676937212,-0.6171351751023896,-1.0301561334635947,2.4007449694593186,-0.3887448252057818,2.3516020533744526,-1.1412904047560541,0.6570600687590077,0.22964141638986943,-0.9219495270650608,-0.4675571098206837,-0.015130069360970057,-0.8441166171661257,-0.25614059403542655,-2.364902425390615,0.7115159902687391,1.2271516741227928,0.45436370749865934,2.26425812793778,0.6820962275998932,1.1428096387775597,1.238362832510111,-2.7510133565856347,0.4236731987495631,-1.3829349503167812,-1.1809034515708055,-1.0069732718019149,-0.3127158000173764,0.650459960737697,0.43398982500670413,-0.012581382817597533,0.7226834412059608,0.7834863215921029,0.44262418923334534,-1.724504786074786,-0.739332789356724,0.02632783394264882,0.7334528831410846,-1.3285796577239866,-0.01134518977528034,-1.5656244563894521,1.025917985719278,0.24234727836472436,-1.3461360359559427,-1.3527285378042933,0.3874318715842601,1.3747989145631654,-1.096785837449347,0.7866041086160771,-0.5422377180278297,0.8231941026928866,0.6831909103653128,0.1552998414824395,-1.834391306280583,0.6811856501241133,0.5020192709968649,0.4104297531945024,0.1956740632309783,-0.878786888332108,1.0829627710191114,0.8981397208166358,-1.0754227768446651,1.3142950105177515,0.13166943463538744,0.12913695314517243,-0.17635533641868276,-0.0779933965850558,1.3708991883097699,1.0330749845985154,1.011847083639415,0.18456435254537817,0.8891717235343964,-0.8343130740405719,0.5834429784980668,-0.15348803196896735,-2.0598049874083224,-1.5861016588219634,-0.6629787800892201,0.41515398434871015,-0.6620797883339692,-0.5911167373847088,0.7632609218748418,-0.5550121194496871,1.330807242034411
1.1651237398201346,0.021881320571318308,0.7534614516583287,0.617240454356382,-0.24566527595940355,0.8616346629721463,1.008902055390527,-0.9524352307904003,0.15354863832074128,0.14250382257616556,0.8496194674507047,-0.4438583504493367,-0.5977603327764287,0.1689996603111536,1.181359223253573,-1.1993771154099337,-1.0248061533371278,-0.5205049079705885,-0.3425770720815524,-1.7655828024375149,1.4981952869151478,-0.13030659134911202,-0.28010452417997134,1.6226375380354172,0.7177934951238125,-0.5354218773333488,0.1646078453081554,-0.041737132376478726,1.4483508569292767,-0.16742420168359312,-1.4420595418582098,-1.8772241068052957,1.4751613474066878,-0.7886146977626303,0.67021165563331,0.07176343071505195,-0.41665478787825744,-0.2598474170031256,1.583377881529533,-1.4480634286431249,-0.3864552307559256,0.9065657606837013,-1.2831450084462561,1.3172828077775847,0.8922497157536254,0.2717956851323369,-0.5031569042742675,-1.4115661551839571,0.7070458941340707,2.7486449344838872,0.14589253591685813,-1.8260454107319009,0.4575164901267476,0.8602629714011955,-0.9178524318959371,-0.6455119260893958,-0.747378228746292,-0.5313638668636889,-0.17216311427804595,-0.8609011084935029,-1.235837741352225,0.17437538567501717,-0.1826620398637007,-0.4362417701168167,0.08318971672151429,-1.5201757055584442,0.26320292299676007,-0.4156882002895627,0.23948946811277957,0.39964910541896764,1.1311512782861777,0.10295441698891143,1.0667188300543264,-0.32191314113009034,-0.27417751336442336,-0.0909281728236752,0.774124900678212,0.6309590770229132,0.13507187986179395,-1.2277353416045216,0.6130591757663258,-0.8614046347829709,-0.9158973937997199,-1.1384850899376828,-0.08316871080203542,1.2117242984706877,-0.9653605443802138,1.6785759531740878,0.9098102224535721,-1.4646020632506243,-0.38277518217832124,-1.0402502669908051,0.6649554577357163,-0.9881633476704093,-1.6211194770561796,-0.3257257767370883,1.1693940736962583,-0.19251622384255335,0.39844386335668186,0.4372310975470408
-1.5122755927410747,-0.8993741271546539,0.006464187197597223,-0.5573549836553883,1.7044545503941577,-1.2283223950808901,-0.9092601032328502,0.29054425947974594,-0.6278933377832894,-2.8918325989502067,1.9346812294138171,-1.074305386226487,0.5608927226818058,-1.2533911712241548,-0.86303490708299,-1.622933002681238,-0.7411934002630799,-0.6442818174485494,-0.13256567734489694,-0.37256884237644927,-1.441519826963828,-0.5238998283439267,1.447010666774807,1.3283905454118128,0.4556870289146901,0.6630992467401732,2.060822801135346,0.5712476595884974,0.6441898605375508,-1.5645830261135425,-1.1126305612381386,-0.03269031700120314,-0.8074422250742472,-0.9979552870231718,-0.8824590482322486,-1.4235706421811276,-0.7913844860820516,0.3394355548108988,1.7963239264846849,0.796982182713619,0.6361554850394354,-1.6235333843984059,0.11929670502201714,-0.0669599032971397,0.2907410969511788,-0.3606874694774592,1.6620767410146684,0.05277551629782262,0.1502233549368725,-1.9624402248468504,-0.10667568194432107,1.1492593500306345,0.5555756081410355,-2.1555909397431083,-0.44967507314622424,1.7318994673630033,-0.15064072028152445,0.3224159827111273,1.6190092872873014,-0.15461414154690603,0.7910298599579032,0.4113958771583612,0.6251488635103922,0.37921565683347,-0.5476298785147864,-0.44779755142266964,-0.8545761803683251,-1.639709118870289,1.244529910676643,0.010082966881209852,1.1941601825244574,1.5653726745846495,0.05341748090954408,-1.3134891316906248,-0.19618814585246605,-0.6711436067631215,-1.9801504590549874,-0.5017289049288782,-0.07153721206451298,-0.6433243957646548,-0.771545086951487,-1.2775358221329547,0.19592214835427738,1.869269283216241,1.2786238880511476,0.6536268879869651,0.675409118931041,-0.132643144259125,-1.8045131792870404,-0.3694316894606993,-0.9692776873321504,0.15469674934532343,1.2332147039387547,1.9734095902484603,0.06462103118053213,-1.6671563371773557,0.0626760501619782,0.08985616291338219,0.6788438705261987,-0.019195550400830694
0.06651827396067966,-0.6320607578870588,-0.3119019831088788,0.5132324268151828,-2.0084837161435005,-0.3172885656638249,0.6878999679959102,1.6407289410055337,-0.39833644413023683,1.1853697808237873,1.6900238454179433,-0.385382401062678,-0.5582085328318197,-0.18207447009192648,-0.08195178506309544,1.0908226678555195,-0.7737251795095957,1.5380654361054693,-0.8007575527262181,-1.2644249196175634,0.5237772115586787,1.2305604288692062,0.17865548101291287,0.4350843979662737,1.9542972380253116,1.2446527815353008,0.03092541778249925,-0.4311468831819377,1.0950588664813858,0.8292839134258868,0.41857668266008285,-0.32701368599348823,-0.07638963626683336,-0.14751956461805613,-0.310368783581295,-0.6011481365959827,0.26519863594830184,-0.6463152957693439,0.17737917091446778,-2.0998732322190468,-0.5998741686008157,1.098329200694048,-0.9004292254644896,0.592101961043143,-0.8172837500330771,0.7757856567932201,-0.2971089471985412,-0.33664660436528576,0.05435147854701664,-1.3434269671216956,0.9720908187564609,1.3034334415157371,-0.3600314969949575,0.5242041709015466,0.7789106802120574,-0.0912575523316285,-1.1082471527178652,1.5940821319518448,-0.3925217049287987,-0.6091347692138098,1.6387919313339259,0.6100587675562035,0.2574300760580134,-0.9707606634025506,0.8028040582132207,2.896518605519746,0.8805076638785394,0.4960884962925648,0.721092796486096,-0.32811533316854247,-0.3376507295931485,-0.3504454842362166,-0.5749499553868769,-0.35244486577601764,-0.35710719224891874,-0.24468450883413131,-0.27267803158009984,0.24301185700970085,0.07879301820784587,0.16736245351170304,1.5222975633444826,0.07673423871651144,2.210890992800781,0.35268953982261186,-0.44725959088283745,1.3495832390469993,-0.07952726770819862,-2.3936841517341287,-0.004003141835183874,-0.24917583794395778,1.6065473862883348,-0.8975666850003668,-0.33265481807827224,1.2676393760604587,0.39440853272418014,-0.17145682497313391,-0.756485666473034,0.3517457268750307,-0.02930114321826882,-0.7678292652071974
-0.7158465413278651,-0.814472114445082,-0.9925556137638796,0.9340337599723358,0.7993933586204381,0.9356744563857929,0.004499548768524415,-0.24262878780015645,-0.2243821098913365,1.0211015729061081,-1.820147821995829,-0.5144861033574224,-0.8873456275044174,1.359887546588408,-0.47745752344711834,-1.6359888354397742,0.2234236422467896,-0.37011419489391406,-0.5569288076849619,-0.6600319567258276,-0.6994847791608069,0.7085603148566448,0.22378736655784356,-0.19796575563052923,-1.0982388768463363,-0.16889332338792068,0.2606278576000262,0.2986544482594905,0.16088438299176902,-0.9225926668275283,-2.403176592592019,1.7996187600519333,-1.3096368741085314,-1.9649579586669383,0.13051561300409567,-1.7085185032307209,-0.8047987485748853,0.5488504258088283,1.772687268474046,0.3875118082723767,-0.4391592708768802,-0.051419554406841914,-1.8085859571749026,-0.4507521091651501,-0.44978160392694433,0.15332866213718016,1.9421896126937708,-1.936795288732239,-0.40767761157448673,-1.8335095439918458,-0.503364093250508,-0.8646021411179935,-1.4943463075014,0.9130920305297793,0.25564770385042956,0.7958556296540458,-0.5316538246674944,-0.07071647578008274,1.5946406412163145,-0.002720195109112664,0.8079565491594414,-0.617456302716729,0.7160173433642602,-0.5489193598053015,-1.8964223760596726,-0.007582887921041749,-0.470303142603962,-1.6247813593972622,0.19149285167317392,-0.8935264849533215,3.092641278462682,-1.4644422334136675,-1.2129249424501396,0.8695511066477908,-0.13302188064008896,0.8492023092622182,0.38039105389790073,-0.582307127931182,-1.379092393079632,1.071083080728032,-1.2884501855892996,0.5589059611641611,0.9189987572568485,-0.12691780402996075,-0.30414753568780306,-0.9837261046610202,0.4627427167043018,-3.045928831081612,0.7157263390568104,0.11947634097571401,-0.22281569971968226,0.24230227466384766,-1.3735563919321288,-2.412992688075883,0.46857506995396153,1.3165461721846896,-1.739401971936737,-1.0524800769964129,0.7523248930274368,0.3588897599468525
2.963108456306708,1.0756574688258984,0.8354244718930484,-0.7637886999948825,0.5248057963906824,1.49541366247537,-0.1643907650729055,-0.11721457373713202,0.14135352660693282,-0.6644986814722349,0.2689635141233141,0.24397213827568137,1.4799864131806566,-0.1893924425107032,0.6747285460635064,-0.1595652819920512,0.6397594417822444,-0.25005845579189767,0.5734729869452063,0.7282358290884481,-1.066656133057809,1.102375420670601,-0.1664773869480215,-0.46979669462614937,-0.7100081116700219,0.298200278098241,-0.004621688903522317,0.3708071855416861,0.3902207843184792,0.6085846453501783,2.7762841161530583,0.03969175733185092,-0.7345733865725732,-2.019813332338234,-1.1953167981905863,1.2353486507529106,0.7199245067731072,-1.3499860465149938,2.4642124409992205,0.3267644776615085,0.460316719880339,2.244225179936081,1.7394557208282129,0.7811374758321606,0.8292139408262553,0.9227850961708667,-0.24096713171201598,0.28679289754419723,0.5743204940747126,-0.12678259437841174,-0.965419509715553,-0.2661304013086679,-0.9879326079059207,0.06437257087223061,-1.780457152006513,0.34103851050754747,-1.6312744955681648,-0.40347305999300503,0.5041010744808456,0.79114671151253,0.6723592088835013,0.31973391447388066,-1.1192733152474919,0.9806083548667577,-1.0964013645051112,1.0945758204543252,0.6277047574817053,1.3589015147395378,0.02486848401629693,-0.8187641072110209,-1.29265252415925,-1.1815793345729262,-1.636774748607013,0.9420029169365649,1.0674169530323996,0.5536999252568481,-0.03304091207327872,2.0609594364625123,-0.09814848296400769,0.2209168081438934,-0.04785151332911929,-0.3383080664634478,0.6309744898310978,-0.633496689204523,-0.70057782651464,0.6814693854093543,-0.4976083665623392,0.13348202807517937,-0.3413281197635269,-0.011551298226648075,-0.6732891184666239,-0.6405887527490934,-0.8197321218102845,0.8433301098614514,0.17188483425132947,0.9185508237936645,1.0253865645439617,-0.4599143271356735,0.8815849843885636,-0.01412072193343282
-0.158673505479252,1.2523670966607754,0.5537684628154319,-0.3524242550637274,0.48879331552664823,-1.2657126521695894,0.24731298113961678,-1.4995915508581836,-0.9843996258681831,0.5846396982691191,-2.67024599742681,1.8025118590747553,0.8344927207046011,-1.838533122489738,2.39849860669323,2.6741038924860177,-0.18049165898973837,-0.9264890647002435,1.686303574202864,-0.3437901374402593,0.161039507812854,1.2172897339227675,-0.1535114637931967,-0.24105425031666827,-1.2723949772052185,-0.6305430957380155,-0.2607698462560682,-1.2385631890346671,-1.1479358182093777,0.03360131664398963,-1.8497041456719603,-0.8791630156213317,1.9445939935970222,-0.34546864714007236,-0.47072340820385117,-0.3499458345148403,-0.3341523814543325,0.5748688698383837,0.5048661531778007,-0.39075841306452025,-0.21383742313794232,1.3127731179900592,-1.5103047544702501,-0.05758201654872128,0.1352465403512318,-0.7766828600991152,-0.11513660349129748,-0.9116764608018835,0.6371690707015035,-1.3382066555043792,1.0623336624200594,-0.07330515708955748,-0.4480338594337108,-1.0046970996542737,1.0306577959874648,-0.6518621340339592,-1.167248559494483,1.051463319008119,-0.9043058134946586,-0.09448231414448716,0.8188037757372632,0.15795760278095394,1.7308515458699736,-0.8349503682876777,-0.21051133659974092,-0.13317814026768182,0.6212349525739952,1.2886231278380933,0.07361650962869719,-0.13766383036028432,-1.4829918678298653,0.11238118979669498,-0.6503000099964535,0.6184363105987696,-0.4096841892180281,-0.24063805437007116,-1.4602680145835696,-1.8114520837625387,1.8609870401836113,0.129683909565276,0.4043354776306085,-0.9122949631827532,0.8755236071786127,0.6951398959043604,-0.8024271944228096,-1.0595054358453868,-0.7325276838272726,-0.028282648707111824,0.16710700314022547,0.03839400823865098,1.2987301086402039,-0.7149568500960584,-1.0866619910289197,9.902185182045265e-05,-1.6930848158309462,0.6957374985106182,0.09796326447612663,-0.33803804090994616,-0.39355287324913923,0.9099957821212328
0.8781479353385309,-0.24637185841335324,0.5917688235578787,0.8633704618403383,0.3355262256247127,-0.20546501962872518,0.381167707490601,-1.0390866429293752,0.0711055692939256,-0.23312625562625686,-0.3898656237934682,-1.7265210118634304,-1.027597751412429,-0.48589482412538165,0.8950391806387564,0.28582349040398747,0.9396742480279019,1.2429133824001302,0.32930914524949534,0.14029341068029683,-0.9729939966852104,1.9866712645733091,-1.4178440717101906,0.118734088208495,0.8327990035453819,0.8467375775313379,-1.1550890904393236,-0.4199030028675904,-0.7989547721176634,-1.9804342295660204,0.13032674174496148,-0.7176153962399772,1.5054822847113456,0.6151744381886721,0.04140195021410666,-0.472699532370869,0.11511606978567471,-0.2558738159157799,0.06953910889310848,1.9016357708319687,-1.0647561553476776,-0.16864186864827352,0.7063884003022237,-0.4001408417858246,1.5805418406083696,0.6784591530118383,-0.7188904151696235,0.20406870227498228,-0.7046087341878011,-0.7966583143540946,-0.14019797970958092,1.2637611619017812,0.7454450397847167,-0.022577606497256104,0.7811861948023926,0.26861871041582847,-1.1698930256252877,-0.14513761918831034,-0.07315959598146544,0.7616903369259623,-0.5664705006020967,-0.9126645756607705,-0.04554695678680688,-0.6454245039945528,-0.3235092195836363,-0.08087957289112645,-0.3830441637244553,0.9631827428528167,1.4142951060044213,0.8629107429582141,-1.7711971651548635,-0.6419736623018343,-0.17865211903219516,-1.8462732593500761,-0.8758917171492806,-0.19142996923255026,-0.4489740811290616,0.00865017730891855,-1.380828361276954,-0.46028235071683626,0.15190975072657917,0.010201471424870157,0.4468935776478827,0.38857436199753315,-0.40710696875416463,0.12011888307512211,-0.7999930946950367,-0.27022831902728783,-1.055617471949706,1.0654244322762583,-0.27349430053073204,1.0639434462280632,0.3114960686884455,-0.8856622616562313,0.25110659900152,0.8097182650878448,-0.07758079160251348,0.07402935234123845,-0.551457308355078,0.024103226477347483
0.2378981888021418,-0.5788158141185104,-1.0792959366796544,1.2879704995831947,0.6041205059847414,-0.5476581053713842,0.2196572571580551,-1.478578667672989,-1.977070973910356,1.0841330874778008,0.22955114026154091,-0.04770246948461627,0.2326572048129529,3.2261316589197016,0.8690952862453243,-1.0454402663748068,-1.680376391920325,1.0545357633594161,0.856095854230007,0.575060767550441,-0.8128790308993932,0.3632853898839753,-0.7233451687434653,0.6627818860209612,0.9826569072723415,-0.5434727588295352,1.1318101612154237,0.1148523995627098,0.4918732124419854,-1.3096333636908042,0.23221450595489967,-0.675584387414668,0.4746334540141737,1.4671626696512623,0.2895202093163524,-0.9008549064331837,0.6264660917775864,0.4017887457877164,2.058601746400309,0.2539679609009435,-0.5854749912240685,0.7706412256463777,-0.12767807230559353,0.08025098971177376,-0.9284760303755522,-0.12243481280341345,0.030804697490436017,-0.1283486757368778,-0.5908873624308213,0.2882291303452953,-0.9234724168418338,-1.158994600523995,0.7095361707264408,0.6177501780872845,-1.3076044806803524,-1.8295550464324626,-1.0087420453965685,-0.12829899447319787,1.154349574765506,-0.15274456781252005,-0.7693610487280315,0.14858622908306054,-0.11401611524958048,-1.3810073074529978,-1.3750628849187112,-1.3481975021152934,2.4798515349079366,0.8599814402736132,-0.5937160585353624,1.1082668228289316,-0.568056287661465,1.0751803969737295,0.08030645706945432,-0.6588512497972971,0.6798203458289699,0.1375195727236849,0.3982677721793258,0.2155070231841089,0.205014772870928,0.8005538880867448,2.5838068488176673,1.248791900549558,0.21964516028304537,-0.3106069148995733,-0.2007349180019919,-1.2561292946104496,0.6645435425532163,-1.0149226916583425,-0.3724543120492632,0.6703487029019994,-0.237325303796526,-0.492287990529253,-1.197480686105643,1.2053267323048111,-0.833221865452879,-0.5858758269479492,-1.7917294198338614,-0.019861047807900233,-0.33329488636155924,0.18185791696841305
-1.1746316769575735,0.7341807935351355,-1.8392105528461162,-0.09217749998240579,0.11548828313958366,0.057774006706085054,0.15775487116026762,0.7886716842608666,1.3246987049730505,-0.15560792831294068,-0.9678426351396135,0.5607172822927565,-0.2802393847441911,1.2646197116221796,-0.6019666143721257,-0.8580108886327809,0.14379375095267685,-1.7404177912369923,-0.4674287137582835,-0.3298405766083485,0.22047232077268225,-0.9962720962701991,-0.8795004722679515,1.1569136906963997,-0.01346145458565204,0.8646371839029606,-0.5417874013834628,-0.05445096242087541,0.21453442702921346,1.7475549076232633,-0.21761818017148127,-0.16626889372037837,1.098153027736738,-0.37981143848508736,0.28462919167275363,1.0109592064190316,-0.5758418716989405,0.34046244648365637,1.745550710145013,0.9213180488381532,0.28493306968481164,-0.2243213118326333,-0.604318281274838,-0.9881859232358072,1.5096239599656778,1.3154710453699998,-0.6571144775405775,0.33768699807813884,0.11132649850631089,1.1844154613240736,0.3828011983013504,-0.022818760730348216,-0.5416856022956805,0.340867845125827,-0.34818257096262034,0.22068494512984133,-0.07597107945831398,-0.3724918798701469,-0.9727407736318192,0.5141952527473013,0.04257034137903291,1.7874208554664275,-1.0323448383776088,0.6252981922329911,-0.08264646802664086,2.099758398326558,0.548971917061467,0.3246885816350844,-0.0801024349738198,-0.7031210546656195,0.3113927926409304,-1.3823026091367618,-1.336284088584971,1.0124384368294954,-1.7621241390440652,-0.3195735582908373,-1.0491264912589586,-0.4024706923896631,0.18454530233934613,0.9845552909641726,1.217633589732721,-0.9189532191588221,-0.4659619366267645,4.052550122211956,-0.2500146859353622,-0.8822107959959048,-0.7158007627414388,-0.24413991630933043,-0.3927373627884593,-0.23437012319486966,-0.02142655372656402,-0.028407862293164363,-0.955486497271194,0.369331021156131,0.12104694988068404,0.49658167054992614,-1.714454053725157,0.15684424369147815,-1.9855963159020165,-0.1755708944765804
0.6579362927530759,1.0457791516023653,0.3344600640970049,0.675390735292989,-0.2990049620824594,-0.5091677699249623,2.6927581625237265,0.8271603118652108,-1.1729838514653934,-1.7346639215329906,-0.46506944906357556,1.1918685063086651,0.048739154028767814,-2.2240198223612855,-0.17729342318990776,-0.0024015502485515883,-2.4156673794654804,0.024166152050190164,-1.013368007591324,-1.8355464107883155,1.6045075801654014,-1.057602200784928,-0.6672847354562812,-0.6805828860666782,0.002238750924302561,1.7663106070558738,-1.1961868702359317,-0.30680351444859494,0.12086187902639818,-0.8687917471595055,-0.32288640457860635,0.5944998067495573,-0.7557049867064927,-0.3386425087301794,-0.4313539269192858,-0.10380668113433723,0.24315171462324223,0.5865607681068787,1.9375543019623378,-2.658476431854212,-0.1673913392054417,-1.3644360722421929,-0.3853700006509044,0.8808673306940777,1.1977925221423782,1.2447145768184085,1.2352925148504237,-0.17393507162042818,1.3985302747071633,1.5968497946058424,0.13880045454151024,1.1772366015675635,0.041237018516578273,1.4102325155508788,-0.16166323736355787,-0.6095204816931845,-1.1199914302716165,-0.1736290332376506,0.08438819432830247,-0.9458526613759538,-0.2501084589956588,-0.5265493094207659,-1.0769755463305088,1.0358846615535835,1.2119036031057844,1.0314326782923091,-0.08415579062149937,-0.02238280539187233,-1.0631733557393501,0.4146328952413382,0.1696317061856208,2.8439473965256803,1.087102362015743,0.31524492657085446,-0.041609310993324385,1.0013065370772256,-0.9157386703805219,1.1396378120140314,-1.087143500237299,-0.5615238572147315,-1.8381794994044593,0.6140762230490918,0.24992902626318939,-0.5614830247660237,-0.9291387909758185,1.3787222267000674,-0.1336039376031704,-0.7672953745205758,1.9219329636180247,-0.6570629191417124,1.1386170714537858,-1.1509905640105735,-0.3549462302069728,0.5022912253823866,-0.05783694960402525,0.24376302151305274,-0.5388348460240047,-1.5977961518995942,1.4655763843647105,-0.47782837737406914
0.2890124555323388,0.7019574916323259,0.3087582043113931,-0.7085912669382154,1.1597649619517718,0.5136791750248689,0.1987736503452285,0.17558480358588946,1.6822623442570572,-0.7300622192531492,0.41525582836774666,-0.5286294916001775,-1.9363058063400032,-1.9627345248628807,-1.0146363749767133,-0.6584431660122955,2.172949749360864,0.698388434306089,0.7883430208594201,-0.6370785062503561,0.061327169519448145,2.3061529847462148,-1.2144176737775647,0.4562387973673141,1.611295766910263,0.9659430854722398,1.8015396139252335,0.21286525652712862,0.6034530251870976,0.10977438679037288,0.5333455591395808,-0.9152064123034229,0.7923484089436821,0.2942483127670564,0.06265936625454731,1.7463916378158542,-0.2653853991047745,1.2078220346204327,1.307278597099756,0.8555443845854632,-0.9650996707365793,0.35907829734315516,1.9584743011314998,-1.8185535346867037,-0.18765849429620104,1.1623085196681997,-0.11532059978763796,0.8098878169738728,1.409191028599123,0.2320062831488026,0.5089905208555405,0.09187093358020086,0.29780588197031677,2.1026024348962706,-0.0639484926806476,-0.35315403794558076,1.0417542290197623,-0.842922332241793,-0.6147214572652406,-0.6083452939526224,-0.2558745224580402,-0.21219946487005836,0.6990995896655071,-0.342361635258677,0.7394634692351869,0.8641807048417827,-0.6535111993330405,0.842706018698451,0.9334184829582883,-1.7609364366308586,0.29348095287396686,-0.5064081083009134,1.3030649803324426,-0.5166061852735627,-1.3394831553106699,-0.029816816668827722,-0.8969723040991179,0.8495852645378883,-0.8086124988817873,-0.017506449188277106,1.5458104271641642,1.0985286222141364,0.4778392032889491,-0.12757771255227468,0.38289645621108837,0.688983952725054,-0.9866023632154887,0.8513372439238396,-1.1016940525570809,0.5724519350122764,-1.106890404549641,1.962796243370614,0.7633416249370387,-1.5560252787859543,-0.0009266262301528976,-0.5214220440846358,-0.6397269297813641,0.14710352646841823,-0.9279937496684983,0.7614657649844361
0.7046540869993421,0.3514247749419854,-0.019504528540864735,0.6598182859449822,0.7913855060779842,0.4549177367416812,-1.3118740231802377,-0.7883861138690067,-0.2680609214921124,-1.4757908978496974,0.22400313333153002,1.4110052073236168,1.2516903667595924,0.7396261440048749,0.7277119338715549,2.215295530963381,0.8438638321783621,0.9256356867883468,-1.4389146943361546,1.332818794356268,0.3984973503055624,-0.07978434543267753,-0.32763812406823883,-0.5485954366692449,1.2567768783608957,-0.028358929257374006,-0.5116785588702479,-0.7715468047301147,0.1705987944628568,-0.3596097042177829,-0.5877555524996549,-1.3821559692754701,0.9593573595044974,-0.13802327544976625,-1.0852386570240204,-0.2712361413328833,0.5491320559656173,0.028840871603311835,0.19099374777060965,0.0425482579903094,-1.276855776441081,0.9485085432635307,-1.7082461603819326,0.46153657461144215,0.6155709214954449,-0.21984370377918255,0.3534225238055569,-0.2771354692402207,0.36549520309111483,0.9929225435189046,-0.7921264263853364,0.673964858952303,1.6923980023881113,0.2645652625343606,-0.5031042244214121,2.2632328390855356,0.08870623904475734,0.2315299038028774,0.2523742095336067,0.44786332759928094,-0.33887494544898544,0.18999086070417107,0.9521837434367699,-0.3734010212347558,-0.41999397712669556,-0.2920844754686517,-1.0977728179841826,-0.6828394618515679,-0.7235799236400955,-0.0005225236680281123,0.8361456557057673,1.453714096879472,0.05718861719186463,0.4564697514287078,0.24339380590769533,-2.0934389552066586,-1.147890911860274,0.7612642911647396,0.8584851719195792,0.8356080251199703,-0.17781198446338883,-1.9948344606009747,-1.0285249856791723,-0.8755078456471619,0.6287685790907118,-0.3573710964165959,1.690400508130418,1.4676383378607578,1.673698446220863,-0.9165129936432219,0.4908912121415714,-0.47752408893786963,0.3278718182332904,-0.80561374274396,1.2261563675514555,-0.7869315502038857,-1.9472390246710976,2.0337808157431616,0.4424966795679303,-1.069126764418128
-0.16227111506913702,-0.5768570947168843,0.005741446804439764,0.8027808359148207,0.6457790929036307,0.2537290205085139,0.005253113309508843,1.0786707575280106,-1.9254582183368936,-0.748932693260438,-0.9786628332561677,1.0062577730028914,-0.7390926156784712,-1.2859553922904483,0.5493275461169328,-0.9087475809097253,-0.3507264825083576,2.381143900881698,0.7871385540034733,-0.21104060741467465,-0.12112812594418335,0.9074875862214719,0.6628704301046306,0.07559948945093709,0.10355994223942439,-1.479848480437972,-1.6900105500689366,-0.1768222757735045,-0.6332851853461444,0.5860790343403636,0.19717974380562603,-0.7727743934943797,0.16319845949635756,-0.41823278555492294,2.0666013780140293,0.3862422989629572,-1.5606069870329287,1.8205151002195816,-0.6331490039572499,-0.9747369907801692,2.1436866525435208,0.34583665779556366,0.7007660072054852,0.7330601158721506,-0.20598971623780354,-0.5724052701863203,-0.4092574549377402,1.6088662792440336,0.20378755320680852,1.3129150397161364,-0.07644512722849837,-0.7553835773437445,-1.4422164738680543,0.6480031851540399,1.6940980784119737,-0.8859730082465007,0.5133725686380203,-1.3756157156807507,-0.5556966770618912,0.26793678537454735,-1.728294085670402,-0.01802325272938249,-0.8367004734171456,0.6047592257382739,-0.1654006421535298,0.9394390194675831,-0.27959828674481496,-1.3623795198295092,-1.4869600810362653,-1.9090095035579693,0.6329578326099892,2.557730919268994,0.4352381371851315,1.672046882004341,1.13357329078902,-0.5183360098740859,1.2653159809906256,-0.47857469151251497,-0.45870786953835907,-0.20859232593631016,-0.16119802232713012,0.6613694631861474,-0.6708867358908054,0.889102778582977,0.8747440830314708,0.34296353244448485,1.9396119086074448,1.2873926486583085,1.0697292902004647,0.06615337454325149,0.35176613781432575,0.5238073630877538,0.01324137352760527,-0.37556946030847094,-2.405712742876312,0.7177654091248232,1.0414472168833544,-1.161118856156836,0.6051686497204916,-0.591526678317524
-0.3665291824070732,1.3107605273633538,-0.9906343902140138,-0.9921477886932202,1.804834365643998,-0.14555669853638353,1.2465455932310676,-1.5987028618289345,-1.5186032695908531,-0.9129445155784212,-0.48146077653268887,-1.403286596653112,0.3692964764299996,0.4345941686567821,-0.8981428778385375,-0.8185986993908019,-0.6867814338515613,-1.1648857988930412,-2.8955576999779176,-0.08504030614486552,-0.4304376927009767,-0.3281458448265735,-1.011803521008772,0.810497499150267,2.425391589417081,-0.8340848560211556,1.3996961389723481,0.3666498121472938,0.03541989178243387,-0.34412273656283127,-0.08321687023399217,1.1495906896986263,-1.1380809609565123,-0.27500673115145136,1.2490002078225029,0.9837146935279972,-1.1225859389502435,-0.18259187778104524,0.7280078478340273,0.6634281193210969,0.9751345212432878,0.38428588816729775,0.551953147995784,0.3427964219271587,1.5797330775278906,-0.42181117943121815,0.048191162945217164,-1.0149688323177093,-1.2120217668044124,0.32495670105838087,-0.7241862659418522,-0.05768560289735612,1.6177493105242091,1.5599377023728207,2.2240447786883,1.6376525083991214,2.40301819178549,0.43652966781256114,-0.9030205826445835,-1.0003925694854803,1.3963306074415196,0.05162650281041989,0.12613151584601573,-0.5490710879538135,-0.4291739396492827,0.38375928977692547,-1.0552234901240367,0.2571384658080956,1.5110801951351294,-2.133635841658821,-1.5413118780771136,0.6756099615030581,1.3639678736608631,-0.4898927301396818,-1.9982406150445386,1.431924173940752,-0.8110651519145244,-0.3612463429276125,0.3190448723197766,-0.6664333719107574,-0.8761297271571948,-0.8578001925640888,1.8579285609276832,1.1596135884252812,0.5745173406171817,-2.186433225734566,0.5781918950555868,0.5242002084094691,-1.2781331401851659,0.2587101334738328,1.051492496258689,0.5693659185937734,-0.6801694017002259,0.01326464308397327,0.7303569312011988,0.05945203421764927,1.2542848891068952,0.3956815568401087,0.7529226652878308,0.8214006469917599
-1.066682703305863,0.04998603535667909,-0.33235447351896474,1.0438459948070786,0.4632330467040246,-0.18821246210559028,-1.2818514034426631,-1.596908332120541,0.31034261994495355,-0.71721267723346,0.6661264680972329,-1.6431402650762263,1.5929511982088904,0.6638640899316747,0.09918508997772751,1.683058936402732,0.9484179342211362,-0.47500323861704385,0.07757630977832912,-1.9642742998147456,1.0641903105488508,-0.2959516779917219,-1.977224845238982,-1.1818385694089915,0.8709120484494098,1.6138027150361531,0.02042551891808693,-0.9820513419928936,-1.4207496896791019,1.4146146181411081,0.44946777844722735,-0.3301396206447463,-0.5682717860755409,0.6718296377336284,0.6443184940713603,-0.8965844134559455,-1.1423724909009423,-1.0919026957134945,-0.4682245804743566,-0.6897854535827563,1.6180920181695657,-0.5037806222594391,-1.24966644794973,-1.1934974408995274,-0.18397160104159538,-1.8221241229788405,-0.060120713862396494,-1.3362095004815642,1.1586103667417011,0.11656234924194496,2.1210236015324435,-0.22820057950221062,-3.131743833970254,1.4576812003562039,0.5019231584770683,0.6569078789606734,-1.0025835897440492,-0.04284805559538902,0.18646087513565981,-0.23782061760609857,-1.734362825253474,2.7686920482590542,0.8358292378282252,0.4205840470203958,1.3138856210139793,0.6441922110388413,-0.6772028800797005,1.24978275781769,0.852216006578015,-0.6392858173140586,0.7900146682850447,-0.24057003217608117,0.20847819979861298,0.5996504669132261,1.36849770130496,-0.6459959851270541,0.3649621806522634,2.0157262262311955,-0.17604749602695166,0.1965567776995822,2.014230474477988,0.6374774719491045,-1.4739802791611158,-0.7954776521543648,0.689579214365443,0.42300490789047507,0.16257986673881944,2.1612241831664645,-0.6174871561583948,-0.07441382343203615,-1.9631102094382356,1.160659888800972,-0.79885230106258,1.057136768800929,0.9520301314373013,2.3490992587877786,0.6492755765312118,-0.3560866243201088,0.4536229599970921,-0.7592528478285878
